id_pedido,data_compra,regiao_destino,categoria,valor_venda,custo_produto,custo_frete,peso_kg,data_previsao_entrega,data_entrega_real,status_pedido,receita_liquida,lucro_bruto,margem_lucro_pct,custo_frete_por_kg,dias_prazo_prometido,dias_transito_real,cumpriram_sla,status_sla_detalhado
PED-10001,2026-04-13,Norte,Ferramentas,682.85,432.86,77.62,30.04,2026-04-24,2026-04-26,Entregue,249.99,172.37,25.24,2.58,11,13.0,0,Entregue com Atraso
PED-10002,2026-04-10,Sul,Ferramentas,3396.19,2206.62,59.14,11.01,2026-04-23,,Cancelado,1189.5700000000002,1130.43,33.29,5.37,13,,0,Cancelado
PED-10003,2026-03-30,Nordeste,Vestuário,2160.89,954.79,67.37,14.96,2026-04-03,,Em Transito,1206.1,1138.73,52.7,4.5,4,,0,Em Trânsito
PED-10004,2026-05-11,Centro-Oeste,Vestuário,2397.06,1282.79,21.41,1.16,2026-05-21,,Em Transito,1114.27,1092.86,45.59,18.46,10,,0,Em Trânsito
PED-10005,2026-03-31,Centro-Oeste,Móveis,2410.6,1282.55,38.14,6.54,2026-04-14,2026-04-12,Entregue,1128.05,1089.9099999999999,45.21,5.83,14,12.0,1,Entregue no Prazo
PED-10006,2026-01-02,Sudeste,Alimentos,687.75,475.15,156.46,38.87,2026-01-05,2026-01-05,Entregue,212.60000000000002,56.140000000000015,8.16,4.03,3,3.0,1,Entregue no Prazo
PED-10007,2026-07-19,Norte,Eletrônicos,3366.04,2199.24,108.69,37.49,2026-07-25,2026-07-31,Entregue,1166.8000000000002,1058.1100000000001,31.43,2.9,6,12.0,0,Entregue com Atraso
PED-10008,2026-02-10,Centro-Oeste,Ferramentas,307.2,213.83,164.8,38.73,2026-02-23,2026-02-23,Entregue,93.36999999999998,-71.43000000000004,-23.25,4.26,13,13.0,1,Entregue no Prazo
PED-10009,2026-02-02,Sul,Ferramentas,3245.74,1932.26,125.41,45.79,2026-02-12,,Em Transito,1313.4799999999998,1188.0699999999997,36.6,2.74,10,,0,Em Trânsito
PED-10010,2026-05-31,Centro-Oeste,Vestuário,2089.98,1008.24,151.84,28.28,2026-06-04,,Cancelado,1081.74,929.9,44.49,5.37,4,,0,Cancelado
PED-10011,2026-01-05,Sudeste,Vestuário,1853.43,979.1,26.42,1.76,2026-01-19,2026-01-21,Entregue,874.33,847.9100000000001,45.75,15.01,14,16.0,0,Entregue com Atraso
PED-10012,2026-05-12,Centro-Oeste,Ferramentas,1912.45,881.48,122.16,47.17,2026-05-20,2026-05-20,Entregue,1030.97,908.8100000000001,47.52,2.59,8,8.0,1,Entregue no Prazo
PED-10013,2026-02-14,Nordeste,Ferramentas,3056.54,1959.55,57.15,9.74,2026-02-26,2026-02-28,Entregue,1096.99,1039.84,34.02,5.87,12,14.0,0,Entregue com Atraso
PED-10014,2026-05-09,Nordeste,Vestuário,1523.52,983.29,151.22,43.11,2026-05-17,2026-05-23,Entregue,540.23,389.01,25.53,3.51,8,14.0,0,Entregue com Atraso
PED-10015,2026-06-21,Sul,Eletrônicos,1443.23,605.39,47.1,13.07,2026-07-04,2026-07-04,Entregue,837.84,790.74,54.79,3.6,13,13.0,1,Entregue no Prazo
PED-10016,2026-03-22,Sul,Eletrônicos,3419.32,1789.37,28.2,2.14,2026-03-24,2026-03-24,Entregue,1629.9500000000003,1601.7500000000002,46.84,13.18,2,2.0,1,Entregue no Prazo
PED-10017,2026-06-09,Norte,Vestuário,1325.31,626.41,197.14,40.26,2026-06-15,,Em Transito,698.9,501.76,37.86,4.9,6,,0,Em Trânsito
PED-10018,2026-05-24,Nordeste,Eletrônicos,1156.69,527.4,19.23,2.52,2026-05-29,,Em Transito,629.2900000000001,610.0600000000001,52.74,7.63,5,,0,Em Trânsito
PED-10019,2026-07-14,Sul,Alimentos,2275.85,1029.39,83.19,34.7,2026-07-22,2026-07-26,Entregue,1246.4599999999998,1163.2699999999998,51.11,2.4,8,12.0,0,Entregue com Atraso
PED-10020,2026-06-27,Sudeste,Vestuário,838.5,379.41,142.04,49.12,2026-07-02,,Em Transito,459.09,317.04999999999995,37.81,2.89,5,,0,Em Trânsito
PED-10021,2026-05-20,Centro-Oeste,Ferramentas,3095.1,1413.26,85.1,14.3,2026-05-24,2026-05-24,Entregue,1681.84,1596.74,51.59,5.95,4,4.0,1,Entregue no Prazo
PED-10022,2026-06-01,Norte,Vestuário,3277.94,2083.47,164.27,33.61,2026-06-05,2026-06-05,Entregue,1194.4700000000003,1030.2000000000003,31.43,4.89,4,4.0,1,Entregue no Prazo
PED-10023,2026-04-20,Sudeste,Móveis,2437.04,1451.47,42.16,11.6,2026-04-22,,Em Transito,985.5699999999999,943.41,38.71,3.63,2,,0,Em Trânsito
PED-10024,2026-05-28,Sul,Eletrônicos,1112.81,626.25,104.17,25.69,2026-06-04,,Cancelado,486.55999999999995,382.38999999999993,34.36,4.05,7,,0,Cancelado
PED-10025,2026-01-27,Sudeste,Ferramentas,1784.1,1022.42,106.86,24.88,2026-02-02,,Em Transito,761.68,654.8199999999999,36.7,4.3,6,,0,Em Trânsito
PED-10026,2026-02-04,Nordeste,Eletrônicos,3481.2,1883.27,79.13,14.34,2026-02-11,2026-02-17,Entregue,1597.9299999999998,1518.7999999999997,43.63,5.52,7,13.0,0,Entregue com Atraso
PED-10027,2026-02-15,Centro-Oeste,Vestuário,3432.14,1450.44,52.53,15.63,2026-02-23,2026-02-23,Entregue,1981.6999999999998,1929.1699999999998,56.21,3.36,8,8.0,1,Entregue no Prazo
PED-10028,2026-02-23,Sudeste,Vestuário,2016.71,865.48,103.32,30.94,2026-03-02,2026-03-01,Entregue,1151.23,1047.91,51.96,3.34,7,6.0,1,Entregue no Prazo
PED-10029,2026-05-17,Sul,Ferramentas,1072.96,564.31,33.1,13.18,2026-05-26,,Cancelado,508.6500000000001,475.55000000000007,44.32,2.51,9,,0,Cancelado
PED-10030,2026-02-05,Centro-Oeste,Alimentos,2292.38,1399.7,84.72,39.89,2026-02-18,2026-02-20,Entregue,892.6800000000001,807.96,35.25,2.12,13,15.0,0,Entregue com Atraso
PED-10031,2026-02-01,Sul,Eletrônicos,584.89,406.24,84.01,42.03,2026-02-12,2026-02-12,Entregue,178.64999999999998,94.63999999999997,16.18,2.0,11,11.0,1,Entregue no Prazo
PED-10032,2026-07-07,Centro-Oeste,Eletrônicos,2906.15,1399.2,208.27,48.28,2026-07-15,,Em Transito,1506.95,1298.68,44.69,4.31,8,,0,Em Trânsito
PED-10033,2026-04-04,Sul,Alimentos,507.97,350.94,101.73,35.87,2026-04-08,2026-04-12,Entregue,157.03000000000003,55.300000000000026,10.89,2.84,4,8.0,0,Entregue com Atraso
PED-10034,2026-07-02,Sudeste,Ferramentas,685.95,291.02,64.64,21.7,2026-07-15,,Cancelado,394.93000000000006,330.2900000000001,48.15,2.98,13,,0,Cancelado
PED-10035,2026-02-03,Nordeste,Ferramentas,1015.77,697.29,117.11,37.03,2026-02-09,,Cancelado,318.48,201.37,19.82,3.16,6,,0,Cancelado
PED-10036,2026-05-24,Sul,Ferramentas,464.57,233.48,20.55,5.04,2026-05-26,,Em Transito,231.09,210.54,45.32,4.08,2,,0,Em Trânsito
PED-10037,2026-06-25,Centro-Oeste,Alimentos,647.55,343.3,99.38,20.23,2026-07-06,,Cancelado,304.24999999999994,204.86999999999995,31.64,4.91,11,,0,Cancelado
PED-10038,2026-05-18,Sudeste,Vestuário,1785.82,1173.19,158.53,33.11,2026-05-23,2026-05-21,Entregue,612.6299999999999,454.0999999999999,25.43,4.79,5,3.0,1,Entregue no Prazo
PED-10039,2026-03-25,Norte,Móveis,2028.12,889.43,163.72,40.65,2026-04-06,,Cancelado,1138.69,974.97,48.07,4.03,12,,0,Cancelado
PED-10040,2026-06-17,Sudeste,Vestuário,725.48,305.29,33.45,5.49,2026-06-20,,Cancelado,420.19,386.74,53.31,6.09,3,,0,Cancelado
PED-10041,2026-03-22,Sudeste,Ferramentas,2964.82,1206.63,163.05,40.82,2026-04-01,,Em Transito,1758.19,1595.14,53.8,3.99,10,,0,Em Trânsito
PED-10042,2026-03-16,Centro-Oeste,Alimentos,1491.91,1029.83,138.09,27.62,2026-03-22,2026-03-26,Entregue,462.08000000000015,323.9900000000001,21.72,5.0,6,10.0,0,Entregue com Atraso
PED-10043,2026-02-05,Sudeste,Eletrônicos,2728.62,1370.43,154.81,46.57,2026-02-11,,Em Transito,1358.1899999999998,1203.3799999999999,44.1,3.32,6,,0,Em Trânsito
PED-10044,2026-04-09,Nordeste,Eletrônicos,1893.43,1039.43,63.01,19.79,2026-04-23,2026-04-23,Entregue,854.0,790.99,41.78,3.18,14,14.0,1,Entregue no Prazo
PED-10045,2026-05-27,Norte,Eletrônicos,1151.63,788.89,96.82733333333333,47.56,2026-05-31,2026-05-31,Entregue,362.7400000000001,265.9126666666668,23.09,2.04,4,4.0,1,Entregue no Prazo
PED-10046,2026-06-29,Sul,Ferramentas,2645.69,1686.56,129.26,39.59,2026-07-13,,Cancelado,959.1300000000001,829.8700000000001,31.37,3.26,14,,0,Cancelado
PED-10047,2026-05-02,Centro-Oeste,Vestuário,3112.58,1572.71,23.03,6.29,2026-05-15,2026-05-13,Entregue,1539.87,1516.84,48.73,3.66,13,11.0,1,Entregue no Prazo
PED-10048,2026-05-21,Sudeste,Eletrônicos,2885.42,1765.51,29.29,4.53,2026-05-27,2026-05-31,Entregue,1119.91,1090.6200000000001,37.8,6.47,6,10.0,0,Entregue com Atraso
PED-10049,2026-05-25,Nordeste,Ferramentas,2649.15,1358.69,33.19,4.63,2026-06-08,,Em Transito,1290.46,1257.27,47.46,7.17,14,,0,Em Trânsito
PED-10050,2026-03-31,Sul,Vestuário,925.2,482.55,97.31026315789474,28.79,2026-04-05,,Em Transito,442.65000000000003,345.3397368421053,37.33,3.38,5,,0,Em Trânsito
PED-10051,2026-06-16,Nordeste,Vestuário,2062.62,1420.43,77.53,19.06,2026-06-18,2026-06-22,Entregue,642.1899999999998,564.6599999999999,27.38,4.07,2,6.0,0,Entregue com Atraso
PED-10052,2026-02-27,Norte,Ferramentas,3396.08,1402.4,211.28,44.61,2026-03-06,,Cancelado,1993.6799999999998,1782.3999999999999,52.48,4.74,7,,0,Cancelado
PED-10053,2026-05-27,Norte,Eletrônicos,1854.69,1092.08,143.15,34.94,2026-05-29,,Cancelado,762.6100000000001,619.4600000000002,33.4,4.1,2,,0,Cancelado
PED-10054,2026-07-04,Sul,Alimentos,3357.52,1401.29,63.61,20.03,2026-07-13,,Em Transito,1956.23,1892.6200000000001,56.37,3.18,9,,0,Em Trânsito
PED-10055,2026-06-13,Sudeste,Móveis,841.41,403.69,44.88,18.34,2026-06-18,2026-06-19,Entregue,437.71999999999997,392.84,46.69,2.45,5,6.0,0,Entregue com Atraso
PED-10056,2026-06-06,Centro-Oeste,Vestuário,2887.75,1977.94,171.45,36.42,2026-06-16,2026-06-20,Entregue,909.81,738.3599999999999,25.57,4.71,10,14.0,0,Entregue com Atraso
PED-10057,2026-01-05,Nordeste,Eletrônicos,1707.28,1187.56,97.74,19.15,2026-01-16,2026-01-17,Entregue,519.72,421.98,24.72,5.1,11,12.0,0,Entregue com Atraso
PED-10058,2026-06-10,Sudeste,Eletrônicos,1481.13,713.94,42.95,3.29,2026-06-17,,Em Transito,767.19,724.24,48.9,13.05,7,,0,Em Trânsito
PED-10059,2026-04-12,Sul,Ferramentas,2068.77,1278.16,97.31026315789474,37.98,2026-04-16,2026-04-16,Entregue,790.6099999999999,693.2997368421052,33.51,2.56,4,4.0,1,Entregue no Prazo
PED-10060,2026-02-20,Centro-Oeste,Ferramentas,764.94,507.51,98.0,37.97,2026-02-23,,Em Transito,257.43000000000006,159.43000000000006,20.84,2.58,3,,0,Em Trânsito
PED-10061,2026-06-11,Sul,Vestuário,1111.83,717.04,102.65,48.41,2026-06-23,2026-06-21,Entregue,394.78999999999996,292.14,26.28,2.12,12,10.0,1,Entregue no Prazo
PED-10062,2026-03-26,Sudeste,Vestuário,784.73,346.0,25.26,1.22,2026-04-02,2026-04-01,Entregue,438.73,413.47,52.69,20.7,7,6.0,1,Entregue no Prazo
PED-10063,2026-06-28,Sudeste,Alimentos,1938.69,1037.73,189.66,45.57,2026-07-06,2026-07-06,Entregue,900.96,711.3000000000001,36.69,4.16,8,8.0,1,Entregue no Prazo
PED-10064,2026-05-18,Nordeste,Móveis,2702.77,1134.81,21.22,2.77,2026-05-25,,Cancelado,1567.96,1546.74,57.23,7.66,7,,0,Cancelado
PED-10065,2026-02-12,Sul,Vestuário,1903.56,1024.18,77.16,29.45,2026-02-24,,Em Transito,879.3799999999999,802.2199999999999,42.14,2.62,12,,0,Em Trânsito
PED-10066,2026-07-14,Sul,Vestuário,2353.07,1062.87,35.68,10.02,2026-07-18,,Cancelado,1290.2000000000003,1254.5200000000002,53.31,3.56,4,,0,Cancelado
PED-10067,2026-03-02,Centro-Oeste,Eletrônicos,1893.76,959.75,99.16,44.76,2026-03-04,2026-03-10,Entregue,934.01,834.85,44.08,2.22,2,8.0,0,Entregue com Atraso
PED-10068,2026-02-25,Sul,Ferramentas,58.95,38.94,41.6,4.68,2026-03-01,,Cancelado,20.010000000000005,-21.589999999999996,-36.62,8.89,4,,0,Cancelado
PED-10069,2026-02-25,Sudeste,Alimentos,1322.75,712.65,160.44,37.5,2026-03-09,2026-03-11,Entregue,610.1,449.66,33.99,4.28,12,14.0,0,Entregue com Atraso
PED-10070,2026-04-17,Norte,Ferramentas,3041.89,1539.94,62.54,20.16,2026-04-27,,Cancelado,1501.9499999999998,1439.4099999999999,47.32,3.1,10,,0,Cancelado
PED-10071,2026-01-17,Sudeste,Alimentos,854.6,429.76,83.51,23.96,2026-01-28,2026-02-03,Entregue,424.84000000000003,341.33000000000004,39.94,3.49,11,17.0,0,Entregue com Atraso
PED-10072,2026-04-21,Sudeste,Eletrônicos,1997.38,1025.92,58.37,17.2,2026-04-26,2026-04-25,Entregue,971.46,913.09,45.71,3.39,5,4.0,1,Entregue no Prazo
PED-10073,2026-07-17,Centro-Oeste,Eletrônicos,868.43,373.89,44.46,8.07,2026-07-25,,Em Transito,494.53999999999996,450.08,51.83,5.51,8,,0,Em Trânsito
PED-10074,2026-04-04,Nordeste,Vestuário,1859.56,972.77,243.9,49.13,2026-04-11,2026-04-11,Entregue,886.79,642.89,34.57,4.96,7,7.0,1,Entregue no Prazo
PED-10075,2026-05-14,Nordeste,Vestuário,2881.97,1773.96,72.08,26.98,2026-05-25,2026-05-25,Entregue,1108.0099999999998,1035.9299999999998,35.95,2.67,11,11.0,1,Entregue no Prazo
PED-10076,2026-01-19,Norte,Eletrônicos,2590.05,1447.71,135.82,35.51,2026-01-26,,Cancelado,1142.3400000000001,1006.5200000000002,38.86,3.82,7,,0,Cancelado
PED-10077,2026-03-18,Sul,Vestuário,228.79,114.62,43.84,7.15,2026-03-26,2026-03-25,Entregue,114.16999999999999,70.32999999999998,30.74,6.13,8,7.0,1,Entregue no Prazo
PED-10078,2026-03-06,Centro-Oeste,Eletrônicos,2672.79,1546.72,121.52,23.84,2026-03-14,2026-03-12,Entregue,1126.07,1004.55,37.58,5.1,8,6.0,1,Entregue no Prazo
PED-10079,2026-06-27,Centro-Oeste,Vestuário,3287.27,1493.64,28.05,3.79,2026-07-06,,Em Transito,1793.6299999999999,1765.58,53.71,7.4,9,,0,Em Trânsito
PED-10080,2026-04-15,Centro-Oeste,Alimentos,614.61,276.13,121.72,40.82,2026-04-27,2026-04-27,Entregue,338.48,216.76000000000002,35.27,2.98,12,12.0,1,Entregue no Prazo
PED-10081,2026-05-26,Sul,Ferramentas,1089.75,680.31,88.51,25.38,2026-06-05,2026-06-03,Entregue,409.44000000000005,320.93000000000006,29.45,3.49,10,8.0,1,Entregue no Prazo
PED-10082,2026-02-22,Sul,Vestuário,1538.77,769.15,164.72,36.66,2026-03-05,,Em Transito,769.62,604.9,39.31,4.49,11,,0,Em Trânsito
PED-10083,2026-06-04,Norte,Ferramentas,573.28,282.92,66.33,12.8,2026-06-12,2026-06-12,Entregue,290.35999999999996,224.02999999999997,39.08,5.18,8,8.0,1,Entregue no Prazo
PED-10084,2026-05-03,Sudeste,Eletrônicos,405.06,227.22,77.76,19.25,2026-05-17,,Em Transito,177.84,100.08,24.71,4.04,14,,0,Em Trânsito
PED-10085,2026-01-05,Centro-Oeste,Alimentos,2541.77,1565.76,115.89,32.24,2026-01-09,,Em Transito,976.01,860.12,33.84,3.59,4,,0,Em Trânsito
PED-10086,2026-03-10,Norte,Vestuário,3358.81,1688.67,57.69,11.75,2026-03-18,2026-03-22,Entregue,1670.1399999999999,1612.4499999999998,48.01,4.91,8,12.0,0,Entregue com Atraso
PED-10087,2026-04-21,Norte,Vestuário,3265.81,1860.01,139.74,34.98,2026-04-30,,Cancelado,1405.8,1266.06,38.77,3.99,9,,0,Cancelado
PED-10088,2026-04-02,Sudeste,Eletrônicos,1513.25,939.63,102.07,46.75,2026-04-09,2026-04-11,Entregue,573.62,471.55,31.16,2.18,7,9.0,0,Entregue com Atraso
PED-10089,2026-03-31,Norte,Eletrônicos,1195.91,590.1,55.52,11.76,2026-04-06,2026-04-06,Entregue,605.8100000000001,550.2900000000001,46.01,4.72,6,6.0,1,Entregue no Prazo
PED-10090,2026-04-27,Sudeste,Eletrônicos,444.22,232.93,134.62,43.24,2026-05-04,2026-05-06,Entregue,211.29000000000002,76.67000000000002,17.26,3.11,7,9.0,0,Entregue com Atraso
PED-10091,2026-01-17,Sul,Vestuário,1610.92,712.44,53.74,9.23,2026-01-25,,Em Transito,898.48,844.74,52.44,5.82,8,,0,Em Trânsito
PED-10092,2026-06-26,Centro-Oeste,Vestuário,2231.31,901.29,117.09,33.35,2026-07-04,2026-07-04,Entregue,1330.02,1212.93,54.36,3.51,8,8.0,1,Entregue no Prazo
PED-10093,2026-03-27,Norte,Ferramentas,686.4,336.25,80.54,15.84,2026-04-04,2026-04-08,Entregue,350.15,269.60999999999996,39.28,5.08,8,12.0,0,Entregue com Atraso
PED-10094,2026-01-29,Nordeste,Ferramentas,1353.15,880.86,109.72,29.58,2026-01-31,2026-01-30,Entregue,472.2900000000001,362.57000000000005,26.79,3.71,2,1.0,1,Entregue no Prazo
PED-10095,2026-04-24,Sul,Alimentos,677.65,446.26,180.61,47.33,2026-05-05,2026-05-05,Entregue,231.39,50.77999999999997,7.49,3.82,11,11.0,1,Entregue no Prazo
PED-10096,2026-03-28,Norte,Móveis,3041.13,1588.67,76.4,27.81,2026-04-01,2026-04-05,Entregue,1452.46,1376.06,45.25,2.75,4,8.0,0,Entregue com Atraso
PED-10097,2026-03-08,Sul,Eletrônicos,1970.69,1214.43,187.71,40.36,2026-03-17,2026-03-17,Entregue,756.26,568.55,28.85,4.65,9,9.0,1,Entregue no Prazo
PED-10098,2026-05-22,Sudeste,Móveis,345.0,159.52,30.29,1.81,2026-06-05,2026-06-05,Entregue,185.48,155.19,44.98,16.73,14,14.0,1,Entregue no Prazo
PED-10099,2026-05-09,Centro-Oeste,Alimentos,1208.74,782.7,90.64,18.47,2026-05-17,,Em Transito,426.03999999999996,335.4,27.75,4.91,8,,0,Em Trânsito
PED-10100,2026-05-17,Sudeste,Ferramentas,1065.91,729.65,190.09,38.3,2026-05-26,2026-05-30,Entregue,336.2600000000001,146.1700000000001,13.71,4.96,9,13.0,0,Entregue com Atraso
PED-10101,2026-04-24,Sul,Eletrônicos,976.94,549.52,127.88,31.86,2026-05-02,2026-05-03,Entregue,427.4200000000001,299.5400000000001,30.66,4.01,8,9.0,0,Entregue com Atraso
PED-10102,2026-06-03,Sudeste,Ferramentas,642.29,309.39,88.96188596491228,1.41,2026-06-06,,Cancelado,332.9,243.9381140350877,37.98,63.09,3,,0,Cancelado
PED-10103,2026-02-03,Nordeste,Ferramentas,2297.4,1490.83,39.89,10.72,2026-02-14,,Cancelado,806.5700000000002,766.6800000000002,33.37,3.72,11,,0,Cancelado
PED-10104,2026-06-17,Sudeste,Alimentos,2234.19,1224.97,96.89,28.88,2026-06-19,2026-06-19,Entregue,1009.22,912.33,40.83,3.35,2,2.0,1,Entregue no Prazo
PED-10105,2026-03-05,Sudeste,Alimentos,3357.26,1528.6,38.68,4.97,2026-03-09,2026-03-09,Entregue,1828.6600000000003,1789.9800000000002,53.32,7.78,4,4.0,1,Entregue no Prazo
PED-10106,2026-06-13,Nordeste,Vestuário,1075.07,612.71,86.41,24.06,2026-06-22,,Cancelado,462.3599999999999,375.94999999999993,34.97,3.59,9,,0,Cancelado
PED-10107,2026-05-28,Sul,Vestuário,2953.28,1931.22,194.3,47.78,2026-06-09,2026-06-15,Entregue,1022.0600000000002,827.7600000000002,28.03,4.07,12,18.0,0,Entregue com Atraso
PED-10108,2026-02-09,Nordeste,Eletrônicos,1759.45,1067.14,48.21,22.02,2026-02-17,2026-02-17,Entregue,692.31,644.0999999999999,36.61,2.19,8,8.0,1,Entregue no Prazo
PED-10109,2026-06-28,Sudeste,Alimentos,1295.36,553.73,144.0,45.91,2026-07-12,2026-07-18,Entregue,741.6299999999999,597.6299999999999,46.14,3.14,14,20.0,0,Entregue com Atraso
PED-10110,2026-03-03,Sul,Ferramentas,2668.67,1647.19,109.53,32.04,2026-03-12,2026-03-11,Entregue,1021.48,911.95,34.17,3.42,9,8.0,1,Entregue no Prazo
PED-10111,2026-06-03,Nordeste,Ferramentas,2361.22,975.77,102.74,29.62,2026-06-05,2026-06-05,Entregue,1385.4499999999998,1282.7099999999998,54.32,3.47,2,2.0,1,Entregue no Prazo
PED-10112,2026-03-20,Centro-Oeste,Eletrônicos,714.47,310.5,102.62,21.38,2026-04-03,2026-04-03,Entregue,403.97,301.35,42.18,4.8,14,14.0,1,Entregue no Prazo
PED-10113,2026-04-13,Nordeste,Vestuário,1984.34,1080.11,141.68,44.31,2026-04-25,2026-04-27,Entregue,904.23,762.55,38.43,3.2,12,14.0,0,Entregue com Atraso
PED-10114,2026-04-30,Nordeste,Alimentos,2777.99,1376.84,76.93,31.48,2026-05-14,2026-05-13,Entregue,1401.1499999999999,1324.2199999999998,47.67,2.44,14,13.0,1,Entregue no Prazo
PED-10115,2026-06-07,Sul,Ferramentas,1874.83,1278.11,78.16,40.04,2026-06-15,,Em Transito,596.72,518.5600000000001,27.66,1.95,8,,0,Em Trânsito
PED-10116,2026-03-03,Centro-Oeste,Alimentos,2214.89,1466.49,175.6,49.21,2026-03-14,2026-03-16,Entregue,748.3999999999999,572.7999999999998,25.86,3.57,11,13.0,0,Entregue com Atraso
PED-10117,2026-06-26,Sul,Ferramentas,1273.45,619.12,75.09,15.17,2026-07-02,2026-06-30,Entregue,654.33,579.24,45.49,4.95,6,4.0,1,Entregue no Prazo
PED-10118,2026-05-23,Nordeste,Eletrônicos,2394.78,1114.71,102.38,47.52,2026-06-06,,Cancelado,1280.0700000000002,1177.69,49.18,2.15,14,,0,Cancelado
PED-10119,2026-07-03,Sul,Ferramentas,3462.69,2157.28,29.54,3.72,2026-07-12,,Em Transito,1305.4099999999999,1275.87,36.85,7.94,9,,0,Em Trânsito
PED-10120,2026-04-20,Sudeste,Vestuário,659.02,307.2,45.67,9.73,2026-04-24,,Cancelado,351.82,306.15,46.46,4.69,4,,0,Cancelado
PED-10121,2026-06-26,Nordeste,Vestuário,2110.6,1176.68,61.09,13.38,2026-06-30,2026-06-29,Entregue,933.9199999999998,872.8299999999998,41.35,4.57,4,3.0,1,Entregue no Prazo
PED-10122,2026-06-09,Sul,Ferramentas,822.17,461.31,95.26,29.85,2026-06-15,2026-06-21,Entregue,360.85999999999996,265.59999999999997,32.3,3.19,6,12.0,0,Entregue com Atraso
PED-10123,2026-01-29,Nordeste,Vestuário,3347.0,2204.46,165.97,40.57,2026-02-07,2026-02-07,Entregue,1142.54,976.5699999999999,29.18,4.09,9,9.0,1,Entregue no Prazo
PED-10124,2026-05-04,Sul,Ferramentas,218.3,122.2,110.21,48.13,2026-05-18,,Em Transito,96.10000000000001,-14.109999999999985,-6.46,2.29,14,,0,Em Trânsito
PED-10125,2026-02-09,Centro-Oeste,Ferramentas,3177.47,1815.59,163.55,33.27,2026-02-18,2026-02-16,Entregue,1361.8799999999999,1198.33,37.71,4.92,9,7.0,1,Entregue no Prazo
PED-10126,2026-06-17,Norte,Eletrônicos,592.83,265.66,82.67,17.03,2026-07-01,2026-07-01,Entregue,327.17,244.5,41.24,4.85,14,14.0,1,Entregue no Prazo
PED-10127,2026-06-15,Norte,Ferramentas,3089.0,2043.54,20.49,1.95,2026-06-23,2026-06-23,Entregue,1045.46,1024.97,33.18,10.51,8,8.0,1,Entregue no Prazo
PED-10128,2026-04-10,Sudeste,Ferramentas,1800.76,723.75,65.14,14.71,2026-04-22,2026-04-28,Entregue,1077.01,1011.87,56.19,4.43,12,18.0,0,Entregue com Atraso
PED-10129,2026-07-07,Centro-Oeste,Vestuário,493.15,239.18,31.29,1.41,2026-07-17,2026-07-17,Entregue,253.96999999999997,222.67999999999998,45.15,22.19,10,10.0,1,Entregue no Prazo
PED-10130,2026-04-06,Norte,Móveis,3318.18,1492.89,120.52,38.66,2026-04-08,2026-04-09,Entregue,1825.2899999999997,1704.7699999999998,51.38,3.12,2,3.0,0,Entregue com Atraso
PED-10131,2026-02-19,Centro-Oeste,Alimentos,2636.3,1157.4,76.04,38.03,2026-02-27,,Cancelado,1478.9,1402.8600000000001,53.21,2.0,8,,0,Cancelado
PED-10132,2026-03-20,Sul,Vestuário,2407.37,1284.98,58.04,14.04,2026-04-03,,Em Transito,1122.3899999999999,1064.35,44.21,4.13,14,,0,Em Trânsito
PED-10133,2026-02-08,Centro-Oeste,Ferramentas,1079.39,703.75,181.68,38.75,2026-02-13,2026-02-13,Entregue,375.6400000000001,193.9600000000001,17.97,4.69,5,5.0,1,Entregue no Prazo
PED-10134,2026-04-02,Centro-Oeste,Ferramentas,3187.86,2095.09,232.95,48.24,2026-04-06,2026-04-06,Entregue,1092.77,859.8199999999999,26.97,4.83,4,4.0,1,Entregue no Prazo
PED-10135,2026-05-04,Sudeste,Ferramentas,741.24,489.54,134.15,35.89,2026-05-07,,Em Transito,251.7,117.54999999999998,15.86,3.74,3,,0,Em Trânsito
PED-10136,2026-06-23,Nordeste,Eletrônicos,364.52,162.61,61.61,22.96,2026-06-26,,Em Transito,201.90999999999997,140.29999999999995,38.49,2.68,3,,0,Em Trânsito
PED-10137,2026-06-21,Centro-Oeste,Alimentos,3387.91,1543.66,79.23,23.37,2026-06-29,2026-06-29,Entregue,1844.2499999999998,1765.0199999999998,52.1,3.39,8,8.0,1,Entregue no Prazo
PED-10138,2026-07-07,Centro-Oeste,Ferramentas,2086.41,1105.74,102.39,49.23,2026-07-09,,Cancelado,980.6699999999998,878.2799999999999,42.1,2.08,2,,0,Cancelado
PED-10139,2026-04-20,Sul,Ferramentas,2661.85,1825.48,100.11,45.44,2026-05-02,2026-05-06,Entregue,836.3699999999999,736.2599999999999,27.66,2.2,12,16.0,0,Entregue com Atraso
PED-10140,2026-02-15,Norte,Alimentos,1243.76,786.98,100.06,47.09,2026-02-17,2026-02-16,Entregue,456.78,356.71999999999997,28.68,2.12,2,1.0,1,Entregue no Prazo
PED-10141,2026-06-10,Centro-Oeste,Alimentos,1284.41,637.87,204.6,48.88,2026-06-21,2026-06-20,Entregue,646.5400000000001,441.94000000000005,34.41,4.19,11,10.0,1,Entregue no Prazo
PED-10142,2026-06-21,Nordeste,Vestuário,478.56,320.09,157.86,29.94,2026-07-01,2026-06-30,Entregue,158.47000000000003,0.6100000000000136,0.13,5.27,10,9.0,1,Entregue no Prazo
PED-10143,2026-04-02,Norte,Vestuário,1721.17,1029.68,102.49,27.87,2026-04-09,2026-04-10,Entregue,691.49,589.0,34.22,3.68,7,8.0,0,Entregue com Atraso
PED-10144,2026-02-10,Norte,Móveis,1563.19,965.19,110.07,29.87,2026-02-23,,Cancelado,598.0,487.93,31.21,3.68,13,,0,Cancelado
PED-10145,2026-05-27,Norte,Ferramentas,678.31,432.02,129.21,33.11,2026-05-31,,Em Transito,246.28999999999996,117.07999999999996,17.26,3.9,4,,0,Em Trânsito
PED-10146,2026-05-30,Centro-Oeste,Eletrônicos,1751.81,743.57,70.44,20.46,2026-06-13,,Cancelado,1008.2399999999999,937.8,53.53,3.44,14,,0,Cancelado
PED-10147,2026-05-15,Norte,Eletrônicos,3045.54,1882.6,111.98,37.26,2026-05-20,,Cancelado,1162.94,1050.96,34.51,3.01,5,,0,Cancelado
PED-10148,2026-01-20,Norte,Móveis,3041.26,1744.47,119.53,22.21,2026-01-26,2026-01-26,Entregue,1296.7900000000002,1177.2600000000002,38.71,5.38,6,6.0,1,Entregue no Prazo
PED-10149,2026-01-06,Sudeste,Vestuário,2093.61,1410.48,58.52,10.93,2026-01-20,2026-01-24,Entregue,683.1300000000001,624.6100000000001,29.83,5.35,14,18.0,0,Entregue com Atraso
PED-10150,2026-01-26,Norte,Móveis,869.52,601.2,38.54,9.46,2026-02-01,,Cancelado,268.31999999999994,229.77999999999994,26.43,4.07,6,,0,Cancelado
PED-10151,2026-05-05,Nordeste,Alimentos,2095.68,941.08,68.3,19.86,2026-05-15,,Em Transito,1154.6,1086.3,51.84,3.44,10,,0,Em Trânsito
PED-10152,2026-07-12,Norte,Alimentos,3395.88,1820.66,48.99,12.18,2026-07-16,2026-07-22,Entregue,1575.22,1526.23,44.94,4.02,4,10.0,0,Entregue com Atraso
PED-10153,2026-06-20,Norte,Eletrônicos,921.22,467.77,70.22,19.28,2026-07-02,,Cancelado,453.45000000000005,383.23,41.6,3.64,12,,0,Cancelado
PED-10154,2026-02-18,Nordeste,Alimentos,1589.97,1048.21,74.81,28.13,2026-03-02,,Cancelado,541.76,466.95,29.37,2.66,12,,0,Cancelado
PED-10155,2026-02-06,Norte,Móveis,185.74,81.1,63.1,22.88,2026-02-12,2026-02-12,Entregue,104.64000000000001,41.54000000000001,22.36,2.76,6,6.0,1,Entregue no Prazo
PED-10156,2026-01-12,Sudeste,Alimentos,3453.87,2381.57,24.87,0.74,2026-01-15,2026-01-14,Entregue,1072.2999999999997,1047.4299999999998,30.33,33.61,3,2.0,1,Entregue no Prazo
PED-10157,2026-07-03,Sul,Móveis,1232.15,689.6,38.32,6.72,2026-07-17,,Em Transito,542.5500000000001,504.2300000000001,40.92,5.7,14,,0,Em Trânsito
PED-10158,2026-04-29,Sudeste,Ferramentas,373.96,225.04,119.09,22.47,2026-05-05,2026-05-03,Entregue,148.92,29.829999999999984,7.98,5.3,6,4.0,1,Entregue no Prazo
PED-10159,2026-06-07,Sudeste,Móveis,2181.57,1441.3,140.11,28.75,2026-06-20,2026-06-24,Entregue,740.2700000000002,600.1600000000002,27.51,4.87,13,17.0,0,Entregue com Atraso
PED-10160,2026-01-01,Sul,Ferramentas,2351.05,1347.52,70.89,17.75,2026-01-04,2026-01-05,Entregue,1003.5300000000002,932.6400000000002,39.67,3.99,3,4.0,0,Entregue com Atraso
PED-10161,2026-03-30,Centro-Oeste,Eletrônicos,362.16,176.23,50.91,5.9,2026-04-02,,Cancelado,185.93000000000004,135.02000000000004,37.28,8.63,3,,0,Cancelado
PED-10162,2026-01-19,Sudeste,Móveis,3078.72,1524.46,124.96,43.51,2026-01-21,2026-01-21,Entregue,1554.2599999999998,1429.2999999999997,46.43,2.87,2,2.0,1,Entregue no Prazo
PED-10163,2026-07-18,Centro-Oeste,Vestuário,1390.53,743.39,43.15,12.26,2026-07-20,2026-07-21,Entregue,647.14,603.99,43.44,3.52,2,3.0,0,Entregue com Atraso
PED-10164,2026-04-20,Sudeste,Móveis,1649.05,847.51,85.01,43.24,2026-04-23,,Em Transito,801.54,716.53,43.45,1.97,3,,0,Em Trânsito
PED-10165,2026-01-12,Centro-Oeste,Móveis,1866.85,884.55,60.46,24.1,2026-01-24,2026-01-24,Entregue,982.3,921.8399999999999,49.38,2.51,12,12.0,1,Entregue no Prazo
PED-10166,2026-02-16,Centro-Oeste,Alimentos,3343.58,1994.14,70.62,19.31,2026-02-21,,Cancelado,1349.4399999999998,1278.8199999999997,38.25,3.66,5,,0,Cancelado
PED-10167,2026-03-19,Centro-Oeste,Alimentos,935.88,454.33,60.44,15.71,2026-04-01,2026-04-05,Entregue,481.55,421.11,45.0,3.85,13,17.0,0,Entregue com Atraso
PED-10168,2026-05-26,Sudeste,Eletrônicos,3419.7,2212.38,74.39,26.36,2026-06-03,,Em Transito,1207.3199999999997,1132.9299999999996,33.13,2.82,8,,0,Em Trânsito
PED-10169,2026-03-12,Nordeste,Móveis,689.04,465.33,78.49,21.51,2026-03-19,2026-03-23,Entregue,223.70999999999998,145.21999999999997,21.08,3.65,7,11.0,0,Entregue com Atraso
PED-10170,2026-05-21,Centro-Oeste,Alimentos,836.88,387.99,138.25,30.74,2026-06-01,2026-06-05,Entregue,448.89,310.64,37.12,4.5,11,15.0,0,Entregue com Atraso
PED-10171,2026-04-01,Centro-Oeste,Alimentos,998.08,645.54,101.02744680851065,21.48,2026-04-12,2026-04-11,Entregue,352.5400000000001,251.51255319148942,25.2,4.7,11,10.0,1,Entregue no Prazo
PED-10172,2026-07-02,Sudeste,Ferramentas,629.65,391.05,87.7,43.21,2026-07-10,,Cancelado,238.59999999999997,150.89999999999998,23.97,2.03,8,,0,Cancelado
PED-10173,2026-05-23,Sul,Alimentos,761.34,450.25,34.98,13.22,2026-06-06,,Cancelado,311.09000000000003,276.11,36.27,2.65,14,,0,Cancelado
PED-10174,2026-03-05,Sul,Ferramentas,2381.65,1268.98,83.32,22.57,2026-03-15,2026-03-17,Entregue,1112.67,1029.3500000000001,43.22,3.69,10,12.0,0,Entregue com Atraso
PED-10175,2026-03-09,Sudeste,Móveis,3174.06,2005.33,44.72,13.61,2026-03-15,2026-03-15,Entregue,1168.73,1124.01,35.41,3.29,6,6.0,1,Entregue no Prazo
PED-10176,2026-05-03,Nordeste,Alimentos,1576.31,1023.91,99.7,33.65,2026-05-16,2026-05-16,Entregue,552.4,452.7,28.72,2.96,13,13.0,1,Entregue no Prazo
PED-10177,2026-03-08,Norte,Ferramentas,1626.16,743.31,34.42,3.09,2026-03-21,2026-03-22,Entregue,882.8500000000001,848.4300000000002,52.17,11.14,13,14.0,0,Entregue com Atraso
PED-10178,2026-01-30,Norte,Alimentos,356.25,245.28,136.64,31.93,2026-02-09,2026-02-15,Entregue,110.97,-25.669999999999987,-7.21,4.28,10,16.0,0,Entregue com Atraso
PED-10179,2026-05-24,Norte,Alimentos,1688.36,869.1,49.24,6.43,2026-05-28,,Cancelado,819.2599999999999,770.0199999999999,45.61,7.66,4,,0,Cancelado
PED-10180,2026-03-06,Nordeste,Ferramentas,370.61,176.82,182.78,39.5,2026-03-08,,Cancelado,193.79000000000002,11.01000000000002,2.97,4.63,2,,0,Cancelado
PED-10181,2026-05-22,Norte,Eletrônicos,834.38,419.28,77.32,19.36,2026-05-25,2026-05-31,Entregue,415.1,337.78000000000003,40.48,3.99,3,9.0,0,Entregue com Atraso
PED-10182,2026-06-29,Sudeste,Alimentos,3063.01,1373.85,173.99,39.42,2026-07-06,,Em Transito,1689.1600000000003,1515.1700000000003,49.47,4.41,7,,0,Em Trânsito
PED-10183,2026-02-18,Sudeste,Móveis,2216.43,1334.94,76.46,26.86,2026-02-25,2026-02-27,Entregue,881.4899999999998,805.0299999999997,36.32,2.85,7,9.0,0,Entregue com Atraso
PED-10184,2026-05-29,Sul,Móveis,580.58,271.18,174.06,47.89,2026-06-01,2026-06-07,Entregue,309.40000000000003,135.34000000000003,23.31,3.63,3,9.0,0,Entregue com Atraso
PED-10185,2026-02-02,Norte,Eletrônicos,2141.57,1348.0,59.7,9.15,2026-02-06,2026-02-12,Entregue,793.5700000000002,733.8700000000001,34.27,6.52,4,10.0,0,Entregue com Atraso
PED-10186,2026-05-16,Centro-Oeste,Móveis,1796.07,843.73,30.98,4.46,2026-05-29,,Em Transito,952.3399999999999,921.3599999999999,51.3,6.95,13,,0,Em Trânsito
PED-10187,2026-05-26,Centro-Oeste,Alimentos,2987.5,1195.3,21.31,1.38,2026-05-29,,Em Transito,1792.2,1770.89,59.28,15.44,3,,0,Em Trânsito
PED-10188,2026-01-05,Sul,Móveis,1636.31,683.08,123.17,49.75,2026-01-19,2026-01-21,Entregue,953.2299999999999,830.06,50.73,2.48,14,16.0,0,Entregue com Atraso
PED-10189,2026-03-14,Norte,Vestuário,663.29,402.94,120.14,31.09,2026-03-19,2026-03-19,Entregue,260.34999999999997,140.20999999999998,21.14,3.86,5,5.0,1,Entregue no Prazo
PED-10190,2026-02-21,Norte,Alimentos,2975.65,1836.85,141.8,39.71,2026-03-07,2026-03-09,Entregue,1138.8000000000002,997.0000000000002,33.51,3.57,14,16.0,0,Entregue com Atraso
PED-10191,2026-07-18,Centro-Oeste,Ferramentas,2704.1,1090.59,48.06,21.1,2026-07-30,,Cancelado,1613.51,1565.45,57.89,2.28,12,,0,Cancelado
PED-10192,2026-05-18,Sudeste,Ferramentas,792.45,319.86,77.76,12.44,2026-05-24,,Cancelado,472.59000000000003,394.83000000000004,49.82,6.25,6,,0,Cancelado
PED-10193,2026-06-13,Nordeste,Vestuário,967.19,574.34,87.77,25.22,2026-06-21,,Cancelado,392.85,305.08000000000004,31.54,3.48,8,,0,Cancelado
PED-10194,2026-02-21,Norte,Móveis,1692.26,867.73,100.17,20.03,2026-02-28,2026-02-28,Entregue,824.53,724.36,42.8,5.0,7,7.0,1,Entregue no Prazo
PED-10195,2026-07-11,Nordeste,Eletrônicos,3302.77,2122.57,34.95,4.28,2026-07-13,2026-07-12,Entregue,1180.1999999999998,1145.2499999999998,34.68,8.17,2,1.0,1,Entregue no Prazo
PED-10196,2026-01-21,Norte,Vestuário,1759.31,907.64,82.6,22.78,2026-01-23,2026-01-25,Entregue,851.67,769.0699999999999,43.71,3.63,2,4.0,0,Entregue com Atraso
PED-10197,2026-06-09,Norte,Eletrônicos,1579.29,654.38,15.51,2.38,2026-06-17,2026-06-15,Entregue,924.91,909.4,57.58,6.52,8,6.0,1,Entregue no Prazo
PED-10198,2026-06-01,Nordeste,Ferramentas,1804.6,931.68,112.59,23.37,2026-06-06,2026-06-06,Entregue,872.92,760.3299999999999,42.13,4.82,5,5.0,1,Entregue no Prazo
PED-10199,2026-01-28,Sul,Vestuário,1471.85,831.43,93.02,41.61,2026-02-06,2026-02-07,Entregue,640.42,547.4,37.19,2.24,9,10.0,0,Entregue com Atraso
PED-10200,2026-03-22,Nordeste,Eletrônicos,1367.69,631.47,48.08,6.51,2026-03-27,2026-04-02,Entregue,736.22,688.14,50.31,7.39,5,11.0,0,Entregue com Atraso
PED-10201,2026-04-24,Sudeste,Ferramentas,482.06,261.42,46.58,6.14,2026-05-08,,Cancelado,220.64,174.06,36.11,7.59,14,,0,Cancelado
PED-10202,2026-02-01,Norte,Móveis,491.93,246.69,143.05,46.44,2026-02-09,2026-02-15,Entregue,245.24,102.19,20.77,3.08,8,14.0,0,Entregue com Atraso
PED-10203,2026-04-24,Norte,Alimentos,469.18,215.47,131.0,44.4,2026-05-03,,Cancelado,253.71,122.71000000000001,26.15,2.95,9,,0,Cancelado
PED-10204,2026-04-29,Nordeste,Alimentos,3220.3,1531.81,79.33,37.87,2026-05-05,,Em Transito,1688.4900000000002,1609.1600000000003,49.97,2.09,6,,0,Em Trânsito
PED-10205,2026-05-30,Sul,Eletrônicos,3283.99,1356.13,58.21,8.66,2026-06-13,,Cancelado,1927.8599999999997,1869.6499999999996,56.93,6.72,14,,0,Cancelado
PED-10206,2026-04-05,Sul,Alimentos,2578.17,1450.66,118.74,29.72,2026-04-14,2026-04-15,Entregue,1127.51,1008.77,39.13,4.0,9,10.0,0,Entregue com Atraso
PED-10207,2026-02-08,Norte,Eletrônicos,2675.87,1198.85,112.33,23.35,2026-02-17,2026-02-17,Entregue,1477.02,1364.69,51.0,4.81,9,9.0,1,Entregue no Prazo
PED-10208,2026-03-05,Sudeste,Móveis,753.92,427.11,120.08,36.79,2026-03-13,2026-03-12,Entregue,326.80999999999995,206.72999999999996,27.42,3.26,8,7.0,1,Entregue no Prazo
PED-10209,2026-06-13,Sudeste,Móveis,2947.88,1915.54,19.27,1.05,2026-06-23,2026-06-23,Entregue,1032.3400000000001,1013.0700000000002,34.37,18.35,10,10.0,1,Entregue no Prazo
PED-10210,2026-03-11,Sul,Ferramentas,480.26,247.63,122.91,32.35,2026-03-22,2026-03-22,Entregue,232.63,109.72,22.85,3.8,11,11.0,1,Entregue no Prazo
PED-10211,2026-04-13,Centro-Oeste,Móveis,2187.58,1108.33,184.33,39.81,2026-04-18,2026-04-20,Entregue,1079.25,894.92,40.91,4.63,5,7.0,0,Entregue com Atraso
PED-10212,2026-01-03,Centro-Oeste,Móveis,1987.12,1129.08,96.64,30.37,2026-01-06,2026-01-06,Entregue,858.04,761.4,38.32,3.18,3,3.0,1,Entregue no Prazo
PED-10213,2026-02-18,Sul,Ferramentas,2623.44,1822.22,45.04,10.89,2026-02-23,2026-02-23,Entregue,801.22,756.1800000000001,28.82,4.14,5,5.0,1,Entregue no Prazo
PED-10214,2026-05-26,Norte,Eletrônicos,2113.88,1312.08,123.61,49.92,2026-06-08,,Cancelado,801.8000000000002,678.1900000000002,32.08,2.48,13,,0,Cancelado
PED-10215,2026-05-28,Sul,Alimentos,1374.22,785.45,93.23,29.59,2026-06-07,,Em Transito,588.77,495.53999999999996,36.06,3.15,10,,0,Em Trânsito
PED-10216,2026-04-17,Nordeste,Ferramentas,2456.96,1667.99,136.89,39.24,2026-04-21,2026-04-21,Entregue,788.97,652.08,26.54,3.49,4,4.0,1,Entregue no Prazo
PED-10217,2026-04-03,Centro-Oeste,Alimentos,2819.12,1515.15,68.34,24.41,2026-04-10,2026-04-10,Entregue,1303.9699999999998,1235.6299999999999,43.83,2.8,7,7.0,1,Entregue no Prazo
PED-10218,2026-06-12,Nordeste,Eletrônicos,74.25,30.98,59.87,11.65,2026-06-25,,Em Transito,43.269999999999996,-16.6,-22.36,5.14,13,,0,Em Trânsito
PED-10219,2026-02-05,Centro-Oeste,Alimentos,203.85,83.76,84.14,14.15,2026-02-13,,Em Transito,120.08999999999999,35.94999999999999,17.64,5.95,8,,0,Em Trânsito
PED-10220,2026-05-24,Sudeste,Eletrônicos,2729.65,1145.39,103.97,24.63,2026-06-02,2026-06-02,Entregue,1584.26,1480.29,54.23,4.22,9,9.0,1,Entregue no Prazo
PED-10221,2026-01-21,Norte,Móveis,1468.28,740.31,112.5,45.04,2026-01-24,2026-01-24,Entregue,727.97,615.47,41.92,2.5,3,3.0,1,Entregue no Prazo
PED-10222,2026-05-29,Sudeste,Móveis,1494.84,714.6,106.33,36.68,2026-06-09,,Cancelado,780.2399999999999,673.9099999999999,45.08,2.9,11,,0,Cancelado
PED-10223,2026-06-14,Nordeste,Vestuário,1115.01,762.79,109.03,48.38,2026-06-28,2026-06-26,Entregue,352.22,243.19000000000003,21.81,2.25,14,12.0,1,Entregue no Prazo
PED-10224,2026-03-12,Nordeste,Eletrônicos,3432.78,1607.31,95.15,20.5,2026-03-24,2026-03-26,Entregue,1825.4700000000003,1730.3200000000002,50.41,4.64,12,14.0,0,Entregue com Atraso
PED-10225,2026-07-17,Sudeste,Eletrônicos,1528.78,676.16,155.59,33.38,2026-07-27,2026-07-26,Entregue,852.62,697.03,45.59,4.66,10,9.0,1,Entregue no Prazo
PED-10226,2026-06-16,Norte,Alimentos,1278.11,886.27,95.97,39.8,2026-06-18,,Cancelado,391.8399999999999,295.8699999999999,23.15,2.41,2,,0,Cancelado
PED-10227,2026-04-20,Norte,Ferramentas,2325.72,1043.05,84.02,13.15,2026-05-04,2026-05-08,Entregue,1282.6699999999998,1198.6499999999999,51.54,6.39,14,18.0,0,Entregue com Atraso
PED-10228,2026-07-10,Sudeste,Eletrônicos,374.82,188.57,73.84,14.48,2026-07-21,,Em Transito,186.25,112.41,29.99,5.1,11,,0,Em Trânsito
PED-10229,2026-01-23,Nordeste,Vestuário,1362.45,862.0,163.84,48.24,2026-02-01,,Em Transito,500.45000000000005,336.61,24.71,3.4,9,,0,Em Trânsito
PED-10230,2026-02-10,Norte,Ferramentas,2239.31,1431.76,77.11,20.1,2026-02-19,2026-02-19,Entregue,807.55,730.4399999999999,32.62,3.84,9,9.0,1,Entregue no Prazo
PED-10231,2026-03-21,Sul,Ferramentas,3176.19,1534.33,117.26,49.18,2026-03-23,,Em Transito,1641.8600000000001,1524.6000000000001,48.0,2.38,2,,0,Em Trânsito
PED-10232,2026-04-11,Norte,Vestuário,1130.41,722.99,231.38,48.4,2026-04-15,2026-04-17,Entregue,407.4200000000001,176.04000000000008,15.57,4.78,4,6.0,0,Entregue com Atraso
PED-10233,2026-04-29,Centro-Oeste,Ferramentas,2551.89,1268.04,117.95,49.86,2026-05-10,2026-05-12,Entregue,1283.85,1165.8999999999999,45.69,2.37,11,13.0,0,Entregue com Atraso
PED-10234,2026-05-11,Nordeste,Alimentos,2531.77,1688.89,38.35,4.43,2026-05-17,2026-05-23,Entregue,842.8799999999999,804.5299999999999,31.78,8.66,6,12.0,0,Entregue com Atraso
PED-10235,2026-03-01,Norte,Eletrônicos,1675.53,1083.22,109.27,23.23,2026-03-07,2026-03-08,Entregue,592.31,483.03999999999996,28.83,4.7,6,7.0,0,Entregue com Atraso
PED-10236,2026-01-21,Norte,Móveis,397.2,187.46,51.23,7.53,2026-01-31,2026-01-30,Entregue,209.73999999999998,158.51,39.91,6.8,10,9.0,1,Entregue no Prazo
PED-10237,2026-06-25,Nordeste,Ferramentas,2831.38,1849.23,60.72,13.07,2026-06-27,,Em Transito,982.1500000000001,921.4300000000001,32.54,4.65,2,,0,Em Trânsito
PED-10238,2026-06-17,Norte,Eletrônicos,2310.72,1611.78,31.12,4.1,2026-06-21,,Em Transito,698.9399999999998,667.8199999999998,28.9,7.59,4,,0,Em Trânsito
PED-10239,2026-05-23,Centro-Oeste,Vestuário,2682.89,1401.79,109.86,38.08,2026-05-28,,Em Transito,1281.1,1171.24,43.66,2.88,5,,0,Em Trânsito
PED-10240,2026-03-18,Sudeste,Vestuário,3179.82,1911.77,89.05,28.24,2026-03-30,2026-04-03,Entregue,1268.0500000000002,1179.0000000000002,37.08,3.15,12,16.0,0,Entregue com Atraso
PED-10241,2026-03-13,Sul,Vestuário,3419.96,1481.58,97.31026315789474,21.42,2026-03-23,2026-03-24,Entregue,1938.38,1841.0697368421054,53.83,4.54,10,11.0,0,Entregue com Atraso
PED-10242,2026-03-24,Sul,Vestuário,2651.17,1700.65,27.01,1.39,2026-04-01,2026-04-03,Entregue,950.52,923.51,34.83,19.43,8,10.0,0,Entregue com Atraso
PED-10243,2026-05-22,Centro-Oeste,Ferramentas,285.78,136.89,28.65,2.78,2026-05-24,,Em Transito,148.89,120.23999999999998,42.07,10.31,2,,0,Em Trânsito
PED-10244,2026-07-06,Nordeste,Alimentos,272.49,180.71,101.88,43.92,2026-07-20,2026-07-24,Entregue,91.78,-10.099999999999994,-3.71,2.32,14,18.0,0,Entregue com Atraso
PED-10245,2026-03-03,Nordeste,Alimentos,2060.68,1439.66,111.14,42.86,2026-03-09,,Cancelado,621.0199999999998,509.87999999999977,24.74,2.59,6,,0,Cancelado
PED-10246,2026-06-21,Nordeste,Ferramentas,373.81,251.53,157.38,33.63,2026-06-23,2026-06-27,Entregue,122.28,-35.099999999999994,-9.39,4.68,2,6.0,0,Entregue com Atraso
PED-10247,2026-03-28,Norte,Alimentos,1652.29,729.08,63.91,17.37,2026-04-02,,Cancelado,923.2099999999999,859.3,52.01,3.68,5,,0,Cancelado
PED-10248,2026-02-07,Norte,Eletrônicos,2474.09,1165.87,88.37,25.86,2026-02-20,,Em Transito,1308.2200000000003,1219.8500000000004,49.3,3.42,13,,0,Em Trânsito
PED-10249,2026-03-27,Norte,Móveis,986.91,534.78,146.66,49.2,2026-04-05,2026-04-04,Entregue,452.13,305.47,30.95,2.98,9,8.0,1,Entregue no Prazo
PED-10250,2026-01-27,Sul,Alimentos,1670.26,893.82,71.04,23.91,2026-01-31,2026-01-31,Entregue,776.4399999999999,705.4,42.23,2.97,4,4.0,1,Entregue no Prazo
PED-10251,2026-02-18,Nordeste,Vestuário,2961.54,1437.75,118.49,23.41,2026-02-24,2026-02-25,Entregue,1523.79,1405.3,47.45,5.06,6,7.0,0,Entregue com Atraso
PED-10252,2026-02-06,Nordeste,Eletrônicos,2872.81,1607.28,155.34,44.05,2026-02-14,2026-02-16,Entregue,1265.53,1110.19,38.64,3.53,8,10.0,0,Entregue com Atraso
PED-10253,2026-05-27,Sul,Ferramentas,3256.52,1464.0,105.53,19.8,2026-05-31,,Em Transito,1792.52,1686.99,51.8,5.33,4,,0,Em Trânsito
PED-10254,2026-04-19,Norte,Ferramentas,1117.34,723.07,94.62,47.78,2026-04-30,,Cancelado,394.26999999999987,299.64999999999986,26.82,1.98,11,,0,Cancelado
PED-10255,2026-03-28,Centro-Oeste,Eletrônicos,2133.09,1292.6,28.51,6.17,2026-03-30,,Em Transito,840.4900000000002,811.9800000000002,38.07,4.62,2,,0,Em Trânsito
PED-10256,2026-06-05,Norte,Eletrônicos,294.98,125.09,89.88,18.06,2026-06-13,2026-06-19,Entregue,169.89000000000001,80.01000000000002,27.12,4.98,8,14.0,0,Entregue com Atraso
PED-10257,2026-01-10,Sudeste,Vestuário,3200.84,1868.56,195.4,43.75,2026-01-15,2026-01-15,Entregue,1332.2800000000002,1136.88,35.52,4.47,5,5.0,1,Entregue no Prazo
PED-10258,2026-05-24,Sudeste,Eletrônicos,2447.34,1369.89,89.5,22.72,2026-06-01,,Cancelado,1077.45,987.95,40.37,3.94,8,,0,Cancelado
PED-10259,2026-03-03,Nordeste,Eletrônicos,2565.65,1528.33,126.42,42.36,2026-03-10,2026-03-09,Entregue,1037.3200000000002,910.9000000000002,35.5,2.98,7,6.0,1,Entregue no Prazo
PED-10260,2026-03-14,Centro-Oeste,Móveis,2086.49,976.23,88.39,19.52,2026-03-18,,Em Transito,1110.2599999999998,1021.8699999999998,48.98,4.53,4,,0,Em Trânsito
PED-10261,2026-01-23,Sul,Móveis,1326.68,541.59,62.75,19.95,2026-02-01,2026-02-05,Entregue,785.09,722.34,54.45,3.15,9,13.0,0,Entregue com Atraso
PED-10262,2026-06-14,Nordeste,Eletrônicos,3315.92,1664.36,57.39,26.1,2026-06-17,,Em Transito,1651.5600000000002,1594.17,48.08,2.2,3,,0,Em Trânsito
PED-10263,2026-05-06,Sul,Eletrônicos,399.35,261.23,97.27,26.79,2026-05-11,,Em Transito,138.12,40.85000000000001,10.23,3.63,5,,0,Em Trânsito
PED-10264,2026-04-23,Centro-Oeste,Móveis,1725.28,704.36,78.47,25.52,2026-05-05,,Cancelado,1020.92,942.4499999999999,54.63,3.07,12,,0,Cancelado
PED-10265,2026-04-17,Sul,Móveis,1414.25,698.59,48.58,7.78,2026-04-23,2026-04-23,Entregue,715.66,667.0799999999999,47.17,6.24,6,6.0,1,Entregue no Prazo
PED-10266,2026-05-04,Centro-Oeste,Vestuário,3114.99,1809.44,127.19,41.42,2026-05-06,,Cancelado,1305.5499999999997,1178.3599999999997,37.83,3.07,2,,0,Cancelado
PED-10267,2026-05-25,Centro-Oeste,Alimentos,3431.38,1864.49,126.23,26.85,2026-06-08,,Cancelado,1566.89,1440.66,41.98,4.7,14,,0,Cancelado
PED-10268,2026-02-11,Sudeste,Ferramentas,721.45,301.06,97.92,17.45,2026-02-24,,Cancelado,420.39000000000004,322.47,44.7,5.61,13,,0,Cancelado
PED-10269,2026-05-09,Norte,Ferramentas,1581.95,929.98,138.3,24.7,2026-05-13,,Cancelado,651.97,513.6700000000001,32.47,5.6,4,,0,Cancelado
PED-10270,2026-04-14,Nordeste,Móveis,1641.99,1016.79,39.06,7.83,2026-04-20,2026-04-20,Entregue,625.2,586.1400000000001,35.7,4.99,6,6.0,1,Entregue no Prazo
PED-10271,2026-03-05,Sul,Ferramentas,2116.97,1071.27,107.66,23.19,2026-03-12,,Cancelado,1045.6999999999998,938.0399999999998,44.31,4.64,7,,0,Cancelado
PED-10272,2026-01-05,Nordeste,Alimentos,1660.4,681.33,220.17,48.5,2026-01-09,2026-01-09,Entregue,979.07,758.9000000000001,45.71,4.54,4,4.0,1,Entregue no Prazo
PED-10273,2026-04-12,Sul,Eletrônicos,1991.36,1060.13,139.97,30.48,2026-04-22,2026-04-21,Entregue,931.2299999999998,791.2599999999998,39.73,4.59,10,9.0,1,Entregue no Prazo
PED-10274,2026-03-23,Norte,Vestuário,2127.3,1228.35,183.01,40.43,2026-03-27,2026-03-31,Entregue,898.9500000000003,715.9400000000003,33.65,4.53,4,8.0,0,Entregue com Atraso
PED-10275,2026-04-23,Nordeste,Vestuário,1126.05,536.92,31.65,2.02,2026-05-07,2026-05-08,Entregue,589.13,557.48,49.51,15.67,14,15.0,0,Entregue com Atraso
PED-10276,2026-02-23,Sudeste,Móveis,2232.28,1324.5,152.63,41.08,2026-03-05,2026-03-09,Entregue,907.7800000000002,755.1500000000002,33.83,3.72,10,14.0,0,Entregue com Atraso
PED-10277,2026-06-12,Sul,Móveis,2385.03,1546.79,60.74,15.08,2026-06-20,2026-06-18,Entregue,838.2400000000002,777.5000000000002,32.6,4.03,8,6.0,1,Entregue no Prazo
PED-10278,2026-05-23,Centro-Oeste,Ferramentas,2649.33,1670.87,131.25,33.1,2026-05-25,,Em Transito,978.46,847.21,31.98,3.97,2,,0,Em Trânsito
PED-10279,2026-01-23,Nordeste,Móveis,317.89,166.02,87.64,20.65,2026-01-30,2026-01-30,Entregue,151.86999999999998,64.22999999999998,20.21,4.24,7,7.0,1,Entregue no Prazo
PED-10280,2026-06-22,Sudeste,Ferramentas,3345.15,1862.49,76.57,15.33,2026-07-01,2026-07-03,Entregue,1482.66,1406.0900000000001,42.03,4.99,9,11.0,0,Entregue com Atraso
PED-10281,2026-04-12,Norte,Móveis,301.51,157.05,56.73,15.12,2026-04-25,2026-04-27,Entregue,144.45999999999998,87.72999999999999,29.1,3.75,13,15.0,0,Entregue com Atraso
PED-10282,2026-04-30,Sul,Ferramentas,2062.24,1345.96,108.76,27.67,2026-05-06,,Cancelado,716.2799999999997,607.5199999999998,29.46,3.93,6,,0,Cancelado
PED-10283,2026-02-26,Nordeste,Eletrônicos,2533.28,1672.17,98.88,22.97,2026-03-03,,Em Transito,861.1100000000001,762.2300000000001,30.09,4.3,5,,0,Em Trânsito
PED-10284,2026-06-27,Norte,Alimentos,1096.02,533.75,145.04,28.38,2026-07-02,,Cancelado,562.27,417.23,38.07,5.11,5,,0,Cancelado
PED-10285,2026-01-12,Sudeste,Móveis,2892.03,1782.98,53.22,13.94,2026-01-14,2026-01-13,Entregue,1109.0500000000002,1055.8300000000002,36.51,3.82,2,1.0,1,Entregue no Prazo
PED-10286,2026-04-06,Nordeste,Móveis,1661.04,834.03,102.16,47.05,2026-04-20,,Em Transito,827.01,724.85,43.64,2.17,14,,0,Em Trânsito
PED-10287,2026-05-27,Nordeste,Vestuário,3039.59,1737.26,143.2,45.41,2026-05-31,,Cancelado,1302.3300000000002,1159.13,38.13,3.15,4,,0,Cancelado
PED-10288,2026-02-25,Norte,Vestuário,358.05,217.02,108.83,24.94,2026-02-27,,Em Transito,141.03,32.2,8.99,4.36,2,,0,Em Trânsito
PED-10289,2026-05-18,Centro-Oeste,Ferramentas,3070.51,1396.6,67.48,14.28,2026-05-30,2026-05-30,Entregue,1673.9100000000003,1606.4300000000003,52.32,4.73,12,12.0,1,Entregue no Prazo
PED-10290,2026-01-21,Norte,Vestuário,2238.47,1566.57,42.83,5.69,2026-01-28,,Em Transito,671.8999999999999,629.0699999999998,28.1,7.53,7,,0,Em Trânsito
PED-10291,2026-05-26,Sul,Alimentos,59.94,39.42,51.07,9.71,2026-06-01,,Cancelado,20.519999999999996,-30.550000000000004,-50.97,5.26,6,,0,Cancelado
PED-10292,2026-05-17,Nordeste,Vestuário,2570.21,1527.51,82.06,39.91,2026-05-25,,Cancelado,1042.7,960.6400000000001,37.38,2.06,8,,0,Cancelado
PED-10293,2026-01-08,Norte,Móveis,2592.98,1795.32,16.27,3.08,2026-01-21,2026-01-21,Entregue,797.6600000000001,781.3900000000001,30.13,5.28,13,13.0,1,Entregue no Prazo
PED-10294,2026-01-13,Nordeste,Eletrônicos,434.72,241.16,84.97,13.75,2026-01-19,2026-01-19,Entregue,193.56000000000003,108.59000000000003,24.98,6.18,6,6.0,1,Entregue no Prazo
PED-10295,2026-03-22,Norte,Móveis,158.41,98.35,45.06,16.85,2026-04-04,,Em Transito,60.06,15.0,9.47,2.67,13,,0,Em Trânsito
PED-10296,2026-05-02,Norte,Móveis,2387.52,1178.38,184.36,38.81,2026-05-04,,Em Transito,1209.1399999999999,1024.7799999999997,42.92,4.75,2,,0,Em Trânsito
PED-10297,2026-06-30,Sudeste,Vestuário,1369.9,699.09,48.77,9.5,2026-07-08,,Cancelado,670.8100000000001,622.0400000000001,45.41,5.13,8,,0,Cancelado
PED-10298,2026-01-07,Norte,Eletrônicos,1332.5,533.54,94.78,15.34,2026-01-12,,Cancelado,798.96,704.1800000000001,52.85,6.18,5,,0,Cancelado
PED-10299,2026-06-09,Sul,Eletrônicos,2141.21,1043.5,69.34,10.75,2026-06-21,,Em Transito,1097.71,1028.3700000000001,48.03,6.45,12,,0,Em Trânsito
PED-10300,2026-06-06,Sudeste,Móveis,1720.07,1073.73,133.6,23.95,2026-06-17,,Em Transito,646.3399999999999,512.7399999999999,29.81,5.58,11,,0,Em Trânsito
PED-10301,2026-05-13,Norte,Móveis,2273.84,1292.42,97.35,38.96,2026-05-15,2026-05-17,Entregue,981.4200000000001,884.07,38.88,2.5,2,4.0,0,Entregue com Atraso
PED-10302,2026-05-18,Sul,Ferramentas,1003.02,696.59,117.39,26.6,2026-05-23,,Em Transito,306.42999999999995,189.03999999999996,18.85,4.41,5,,0,Em Trânsito
PED-10303,2026-06-24,Norte,Alimentos,1908.9,798.28,75.41,34.65,2026-07-05,2026-07-04,Entregue,1110.6200000000001,1035.21,54.23,2.18,11,10.0,1,Entregue no Prazo
PED-10304,2026-02-23,Nordeste,Móveis,1091.61,685.89,101.56,18.04,2026-03-06,,Cancelado,405.7199999999999,304.1599999999999,27.86,5.63,11,,0,Cancelado
PED-10305,2026-03-03,Sudeste,Móveis,672.06,361.29,111.15,28.26,2026-03-10,,Cancelado,310.7699999999999,199.61999999999992,29.7,3.93,7,,0,Cancelado
PED-10306,2026-04-18,Nordeste,Eletrônicos,3435.11,2191.4,201.31,42.76,2026-05-01,,Em Transito,1243.71,1042.4,30.35,4.71,13,,0,Em Trânsito
PED-10307,2026-04-09,Norte,Vestuário,3434.95,1960.88,41.36,13.35,2026-04-19,2026-04-19,Entregue,1474.0699999999997,1432.7099999999998,41.71,3.1,10,10.0,1,Entregue no Prazo
PED-10308,2026-06-03,Norte,Alimentos,2784.45,1872.18,235.11,47.21,2026-06-15,2026-06-15,Entregue,912.2699999999998,677.1599999999997,24.32,4.98,12,12.0,1,Entregue no Prazo
PED-10309,2026-01-08,Centro-Oeste,Móveis,1695.31,1043.46,78.18,12.74,2026-01-10,2026-01-12,Entregue,651.8499999999999,573.6699999999998,33.84,6.14,2,4.0,0,Entregue com Atraso
PED-10310,2026-03-27,Centro-Oeste,Alimentos,91.76,36.95,55.79,18.17,2026-04-09,2026-04-09,Entregue,54.81,-0.9799999999999969,-1.07,3.07,13,13.0,1,Entregue no Prazo
PED-10311,2026-03-07,Sul,Ferramentas,898.04,467.73,123.94,44.78,2026-03-21,2026-03-21,Entregue,430.30999999999995,306.36999999999995,34.12,2.77,14,14.0,1,Entregue no Prazo
PED-10312,2026-06-04,Sudeste,Vestuário,1756.63,972.85,53.79,24.34,2026-06-08,,Em Transito,783.7800000000001,729.9900000000001,41.56,2.21,4,,0,Em Trânsito
PED-10313,2026-04-09,Nordeste,Vestuário,1000.64,586.99,178.2,49.63,2026-04-23,,Em Transito,413.65,235.45,23.53,3.59,14,,0,Em Trânsito
PED-10314,2026-07-12,Sudeste,Eletrônicos,711.0,480.26,19.68,5.54,2026-07-23,2026-07-29,Entregue,230.74,211.06,29.68,3.55,11,17.0,0,Entregue com Atraso
PED-10315,2026-05-25,Sudeste,Ferramentas,825.87,437.23,135.28,36.1,2026-06-03,2026-06-03,Entregue,388.64,253.35999999999999,30.68,3.75,9,9.0,1,Entregue no Prazo
PED-10316,2026-05-27,Centro-Oeste,Alimentos,1533.85,1029.41,187.02,42.37,2026-06-02,,Cancelado,504.4399999999998,317.41999999999985,20.69,4.41,6,,0,Cancelado
PED-10317,2026-03-25,Sudeste,Alimentos,755.39,360.01,68.89,15.14,2026-04-02,,Em Transito,395.38,326.49,43.22,4.55,8,,0,Em Trânsito
PED-10318,2026-05-02,Sul,Ferramentas,1637.01,701.48,173.74,41.42,2026-05-16,,Em Transito,935.53,761.79,46.54,4.19,14,,0,Em Trânsito
PED-10319,2026-01-04,Sul,Móveis,3071.8,1725.52,35.91,14.48,2026-01-12,,Cancelado,1346.2800000000002,1310.3700000000001,42.66,2.48,8,,0,Cancelado
PED-10320,2026-03-03,Nordeste,Eletrônicos,2086.99,873.2,56.23,18.43,2026-03-13,2026-03-17,Entregue,1213.7899999999997,1157.5599999999997,55.47,3.05,10,14.0,0,Entregue com Atraso
PED-10321,2026-03-02,Norte,Vestuário,3095.43,1286.37,64.08,9.96,2026-03-15,2026-03-15,Entregue,1809.06,1744.98,56.37,6.43,13,13.0,1,Entregue no Prazo
PED-10322,2026-03-28,Sudeste,Móveis,3141.34,2027.45,49.76,13.01,2026-04-01,2026-04-02,Entregue,1113.89,1064.13,33.88,3.82,4,5.0,0,Entregue com Atraso
PED-10323,2026-01-22,Centro-Oeste,Ferramentas,566.13,291.11,102.43,21.02,2026-02-02,2026-02-01,Entregue,275.02,172.58999999999997,30.49,4.87,11,10.0,1,Entregue no Prazo
PED-10324,2026-05-19,Sudeste,Eletrônicos,1297.9,888.75,88.96188596491228,31.79,2026-05-31,,Cancelado,409.1500000000001,320.1881140350878,24.67,2.8,12,,0,Cancelado
PED-10325,2026-07-10,Nordeste,Vestuário,1324.02,900.17,200.64,41.46,2026-07-19,2026-07-20,Entregue,423.85,223.21000000000004,16.86,4.84,9,10.0,0,Entregue com Atraso
PED-10326,2026-06-16,Centro-Oeste,Eletrônicos,995.55,639.26,72.2,10.16,2026-06-30,,Em Transito,356.28999999999996,284.09,28.54,7.11,14,,0,Em Trânsito
PED-10327,2026-03-04,Nordeste,Alimentos,2365.14,1254.94,131.53,27.69,2026-03-06,2026-03-06,Entregue,1110.1999999999998,978.6699999999998,41.38,4.75,2,2.0,1,Entregue no Prazo
PED-10328,2026-05-26,Nordeste,Vestuário,2748.49,1201.96,112.25,39.98,2026-05-28,2026-05-30,Entregue,1546.5299999999997,1434.2799999999997,52.18,2.81,2,4.0,0,Entregue com Atraso
PED-10329,2026-03-24,Nordeste,Eletrônicos,3386.27,1407.0,136.05,25.49,2026-04-05,,Cancelado,1979.27,1843.22,54.43,5.34,12,,0,Cancelado
PED-10330,2026-05-27,Norte,Vestuário,3083.73,1981.72,154.38,34.02,2026-06-09,2026-06-13,Entregue,1102.01,947.63,30.73,4.54,13,17.0,0,Entregue com Atraso
PED-10331,2026-03-13,Sul,Móveis,2923.26,1963.92,12.66,1.1,2026-03-22,,Em Transito,959.3400000000001,946.6800000000002,32.38,11.51,9,,0,Em Trânsito
PED-10332,2026-02-22,Sul,Ferramentas,1267.71,743.37,57.61,17.04,2026-03-04,,Em Transito,524.34,466.73,36.82,3.38,10,,0,Em Trânsito
PED-10333,2026-02-28,Nordeste,Móveis,1543.05,934.52,101.1,16.96,2026-03-03,,Em Transito,608.53,507.42999999999995,32.88,5.96,3,,0,Em Trânsito
PED-10334,2026-05-15,Sul,Ferramentas,399.74,193.22,40.76,14.18,2026-05-26,2026-06-01,Entregue,206.52,165.76000000000002,41.47,2.87,11,17.0,0,Entregue com Atraso
PED-10335,2026-01-17,Sudeste,Móveis,440.9,229.74,119.44,37.03,2026-01-28,,Em Transito,211.15999999999997,91.71999999999997,20.8,3.23,11,,0,Em Trânsito
PED-10336,2026-03-12,Sul,Vestuário,758.4,413.26,82.83,13.79,2026-03-25,2026-03-26,Entregue,345.14,262.31,34.59,6.01,13,14.0,0,Entregue com Atraso
PED-10337,2026-02-08,Sul,Ferramentas,3243.05,1363.7,74.5,21.8,2026-02-13,,Em Transito,1879.3500000000001,1804.8500000000001,55.65,3.42,5,,0,Em Trânsito
PED-10338,2026-03-07,Centro-Oeste,Móveis,2478.08,1268.72,84.68,28.4,2026-03-17,2026-03-18,Entregue,1209.36,1124.6799999999998,45.39,2.98,10,11.0,0,Entregue com Atraso
PED-10339,2026-01-02,Centro-Oeste,Alimentos,3316.23,1431.85,38.95,8.16,2026-01-14,2026-01-14,Entregue,1884.38,1845.43,55.65,4.77,12,12.0,1,Entregue no Prazo
PED-10340,2026-04-08,Nordeste,Ferramentas,1458.12,589.98,141.17,29.35,2026-04-10,2026-04-10,Entregue,868.1399999999999,726.9699999999999,49.86,4.81,2,2.0,1,Entregue no Prazo
PED-10341,2026-03-14,Centro-Oeste,Móveis,2600.96,1207.89,110.72,33.42,2026-03-25,2026-03-26,Entregue,1393.07,1282.35,49.3,3.31,11,12.0,0,Entregue com Atraso
PED-10342,2026-03-26,Nordeste,Alimentos,3021.55,1949.43,106.85,25.88,2026-04-07,2026-04-07,Entregue,1072.1200000000001,965.2700000000001,31.95,4.13,12,12.0,1,Entregue no Prazo
PED-10343,2026-05-01,Nordeste,Móveis,2467.99,1138.26,65.63,32.87,2026-05-07,,Em Transito,1329.7299999999998,1264.1,51.22,2.0,6,,0,Em Trânsito
PED-10344,2026-04-20,Centro-Oeste,Vestuário,904.08,378.59,93.33,23.22,2026-04-24,2026-04-22,Entregue,525.49,432.16,47.8,4.02,4,2.0,1,Entregue no Prazo
PED-10345,2026-02-17,Sudeste,Móveis,2827.56,1829.13,88.96188596491228,46.67,2026-03-03,2026-03-04,Entregue,998.4299999999998,909.4681140350875,32.16,1.91,14,15.0,0,Entregue com Atraso
PED-10346,2026-01-08,Sul,Móveis,1524.86,704.28,191.15,40.09,2026-01-16,2026-01-14,Entregue,820.5799999999999,629.43,41.28,4.77,8,6.0,1,Entregue no Prazo
PED-10347,2026-02-25,Sul,Ferramentas,1469.12,972.73,113.7,32.08,2026-03-04,2026-03-08,Entregue,496.3899999999999,382.6899999999999,26.05,3.54,7,11.0,0,Entregue com Atraso
PED-10348,2026-02-06,Norte,Móveis,2895.36,1412.11,74.05,22.47,2026-02-16,,Cancelado,1483.2500000000002,1409.2000000000003,48.67,3.3,10,,0,Cancelado
PED-10349,2026-03-02,Sul,Alimentos,774.6,375.15,94.82,35.79,2026-03-09,2026-03-15,Entregue,399.45000000000005,304.63000000000005,39.33,2.65,7,13.0,0,Entregue com Atraso
PED-10350,2026-06-06,Centro-Oeste,Eletrônicos,690.48,413.78,151.41,44.14,2026-06-20,,Em Transito,276.70000000000005,125.29000000000005,18.15,3.43,14,,0,Em Trânsito
PED-10351,2026-05-09,Norte,Alimentos,912.35,505.9,95.75,27.01,2026-05-15,,Cancelado,406.45000000000005,310.70000000000005,34.05,3.54,6,,0,Cancelado
PED-10352,2026-06-02,Centro-Oeste,Ferramentas,1177.26,596.08,64.01,25.53,2026-06-10,2026-06-08,Entregue,581.18,517.17,43.93,2.51,8,6.0,1,Entregue no Prazo
PED-10353,2026-04-19,Sul,Eletrônicos,3012.92,1817.04,80.56,41.98,2026-04-27,2026-05-03,Entregue,1195.88,1115.3200000000002,37.02,1.92,8,14.0,0,Entregue com Atraso
PED-10354,2026-06-14,Centro-Oeste,Alimentos,842.11,366.54,56.38,8.68,2026-06-23,,Cancelado,475.57,419.19,49.78,6.5,9,,0,Cancelado
PED-10355,2026-01-18,Nordeste,Eletrônicos,1478.99,916.57,116.04,44.14,2026-01-29,2026-01-29,Entregue,562.42,446.37999999999994,30.18,2.63,11,11.0,1,Entregue no Prazo
PED-10356,2026-01-28,Sul,Vestuário,1208.07,754.82,104.14,28.81,2026-02-09,,Cancelado,453.2499999999999,349.1099999999999,28.9,3.61,12,,0,Cancelado
PED-10357,2026-01-19,Sul,Móveis,1470.93,920.92,44.58,10.58,2026-01-22,2026-01-23,Entregue,550.0100000000001,505.4300000000001,34.36,4.21,3,4.0,0,Entregue com Atraso
PED-10358,2026-02-17,Nordeste,Ferramentas,454.35,227.7,39.25,7.57,2026-02-28,2026-03-02,Entregue,226.65000000000003,187.40000000000003,41.25,5.18,11,13.0,0,Entregue com Atraso
PED-10359,2026-07-14,Sudeste,Eletrônicos,3332.47,2109.28,120.45,30.76,2026-07-26,2026-07-26,Entregue,1223.1899999999996,1102.7399999999996,33.09,3.92,12,12.0,1,Entregue no Prazo
PED-10360,2026-06-09,Sudeste,Alimentos,3091.39,1914.79,158.44,35.02,2026-06-18,2026-06-24,Entregue,1176.6,1018.1599999999999,32.94,4.52,9,15.0,0,Entregue com Atraso
PED-10361,2026-04-18,Sul,Eletrônicos,1883.94,1042.14,131.7,41.12,2026-04-28,,Cancelado,841.8,710.0999999999999,37.69,3.2,10,,0,Cancelado
PED-10362,2026-06-23,Nordeste,Móveis,3161.12,1457.41,32.67,3.82,2026-06-30,,Em Transito,1703.7099999999998,1671.0399999999997,52.86,8.55,7,,0,Em Trânsito
PED-10363,2026-03-20,Norte,Alimentos,2286.7,965.52,106.92,19.09,2026-04-03,,Em Transito,1321.1799999999998,1214.2599999999998,53.1,5.6,14,,0,Em Trânsito
PED-10364,2026-03-08,Sul,Vestuário,1259.3,644.46,23.38,3.9,2026-03-13,2026-03-13,Entregue,614.8399999999999,591.4599999999999,46.97,5.99,5,5.0,1,Entregue no Prazo
PED-10365,2026-04-06,Sul,Vestuário,2918.22,1904.72,71.03,18.98,2026-04-19,2026-04-23,Entregue,1013.4999999999998,942.4699999999998,32.3,3.74,13,17.0,0,Entregue com Atraso
PED-10366,2026-05-16,Nordeste,Móveis,1940.71,1079.66,57.69,17.84,2026-05-27,,Em Transito,861.05,803.3599999999999,41.4,3.23,11,,0,Em Trânsito
PED-10367,2026-07-11,Norte,Ferramentas,1383.84,828.57,50.08,17.67,2026-07-18,,Cancelado,555.2699999999999,505.1899999999999,36.51,2.83,7,,0,Cancelado
PED-10368,2026-05-11,Centro-Oeste,Móveis,3117.49,1788.32,117.24,31.8,2026-05-22,,Em Transito,1329.1699999999998,1211.9299999999998,38.88,3.69,11,,0,Em Trânsito
PED-10369,2026-02-23,Sul,Eletrônicos,883.18,410.21,82.73,21.53,2026-03-08,2026-03-06,Entregue,472.96999999999997,390.23999999999995,44.19,3.84,13,11.0,1,Entregue no Prazo
PED-10370,2026-04-25,Sudeste,Móveis,3356.82,1776.85,118.19,27.69,2026-05-05,2026-05-06,Entregue,1579.9700000000003,1461.7800000000002,43.55,4.27,10,11.0,0,Entregue com Atraso
PED-10371,2026-06-22,Norte,Ferramentas,2446.51,1139.13,141.23,29.97,2026-06-29,2026-07-01,Entregue,1307.38,1166.15,47.67,4.71,7,9.0,0,Entregue com Atraso
PED-10372,2026-01-23,Norte,Móveis,2461.37,1256.54,60.58,21.9,2026-01-25,,Cancelado,1204.83,1144.25,46.49,2.77,2,,0,Cancelado
PED-10373,2026-05-29,Sul,Ferramentas,2223.64,1461.9,125.32,39.3,2026-06-08,2026-06-12,Entregue,761.7399999999998,636.4199999999998,28.62,3.19,10,14.0,0,Entregue com Atraso
PED-10374,2026-04-14,Centro-Oeste,Móveis,2964.81,1407.4,150.95,29.05,2026-04-21,2026-04-21,Entregue,1557.4099999999999,1406.4599999999998,47.44,5.2,7,7.0,1,Entregue no Prazo
PED-10375,2026-04-01,Centro-Oeste,Móveis,69.73,37.64,64.83,28.77,2026-04-15,,Cancelado,32.09,-32.739999999999995,-46.95,2.25,14,,0,Cancelado
PED-10376,2026-07-06,Centro-Oeste,Vestuário,1450.74,586.26,32.18,4.47,2026-07-12,2026-07-13,Entregue,864.48,832.3000000000001,57.37,7.2,6,7.0,0,Entregue com Atraso
PED-10377,2026-04-24,Nordeste,Alimentos,184.34,120.03,149.33,31.17,2026-04-28,2026-04-28,Entregue,64.31,-85.02000000000001,-46.12,4.79,4,4.0,1,Entregue no Prazo
PED-10378,2026-01-25,Norte,Ferramentas,2252.21,1396.15,96.22,33.97,2026-02-08,2026-02-14,Entregue,856.06,759.8399999999999,33.74,2.83,14,20.0,0,Entregue com Atraso
PED-10379,2026-06-01,Sul,Móveis,1229.57,686.47,71.78,10.98,2026-06-05,,Cancelado,543.0999999999999,471.31999999999994,38.33,6.54,4,,0,Cancelado
PED-10380,2026-04-23,Sudeste,Alimentos,3292.76,1814.97,206.48,47.49,2026-05-07,2026-05-09,Entregue,1477.7900000000002,1271.3100000000002,38.61,4.35,14,16.0,0,Entregue com Atraso
PED-10381,2026-03-16,Centro-Oeste,Alimentos,1776.24,1078.65,101.02744680851065,35.01,2026-03-26,2026-03-27,Entregue,697.5899999999999,596.5625531914893,33.59,2.89,10,11.0,0,Entregue com Atraso
PED-10382,2026-01-04,Nordeste,Alimentos,196.08,112.53,92.01,22.92,2026-01-07,,Em Transito,83.55000000000001,-8.459999999999994,-4.31,4.01,3,,0,Em Trânsito
PED-10383,2026-02-28,Sul,Alimentos,1619.31,980.83,162.14,45.56,2026-03-13,2026-03-12,Entregue,638.4799999999999,476.3399999999999,29.42,3.56,13,12.0,1,Entregue no Prazo
PED-10384,2026-02-05,Sudeste,Vestuário,2095.3,1061.22,20.2,3.07,2026-02-14,,Cancelado,1034.0800000000002,1013.8800000000001,48.39,6.58,9,,0,Cancelado
PED-10385,2026-05-08,Norte,Alimentos,899.69,546.3,87.53,30.04,2026-05-22,2026-05-26,Entregue,353.3900000000001,265.8600000000001,29.55,2.91,14,18.0,0,Entregue com Atraso
PED-10386,2026-03-29,Nordeste,Vestuário,741.91,344.89,175.55,34.71,2026-04-06,2026-04-10,Entregue,397.02,221.46999999999997,29.85,5.06,8,12.0,0,Entregue com Atraso
PED-10387,2026-04-20,Norte,Alimentos,281.21,194.77,89.57,40.94,2026-05-01,,Cancelado,86.43999999999997,-3.130000000000024,-1.11,2.19,11,,0,Cancelado
PED-10388,2026-06-27,Norte,Móveis,841.31,454.92,59.42,13.79,2026-07-08,,Em Transito,386.38999999999993,326.9699999999999,38.86,4.31,11,,0,Em Trânsito
PED-10389,2026-02-06,Nordeste,Alimentos,1010.37,646.12,49.18,16.65,2026-02-15,,Cancelado,364.25,315.07,31.18,2.95,9,,0,Cancelado
PED-10390,2026-02-08,Norte,Eletrônicos,1270.25,623.37,111.52,48.78,2026-02-19,,Em Transito,646.88,535.36,42.15,2.29,11,,0,Em Trânsito
PED-10391,2026-05-07,Sudeste,Vestuário,1993.76,1278.28,33.81,7.29,2026-05-14,2026-05-18,Entregue,715.48,681.6700000000001,34.19,4.64,7,11.0,0,Entregue com Atraso
PED-10392,2026-06-21,Norte,Eletrônicos,1574.03,1094.38,74.53,20.09,2026-06-29,2026-06-29,Entregue,479.64999999999986,405.1199999999999,25.74,3.71,8,8.0,1,Entregue no Prazo
PED-10393,2026-05-21,Nordeste,Móveis,2351.88,1489.01,220.73,43.18,2026-05-29,,Cancelado,862.8700000000001,642.1400000000001,27.3,5.11,8,,0,Cancelado
PED-10394,2026-05-28,Sudeste,Vestuário,1853.52,1003.24,140.57,32.97,2026-06-10,,Em Transito,850.28,709.71,38.29,4.26,13,,0,Em Trânsito
PED-10395,2026-02-17,Sudeste,Alimentos,1485.7,823.31,112.97,45.21,2026-03-03,2026-03-01,Entregue,662.3900000000001,549.4200000000001,36.98,2.5,14,12.0,1,Entregue no Prazo
PED-10396,2026-07-07,Sudeste,Alimentos,3397.31,2309.14,101.35,37.21,2026-07-19,,Em Transito,1088.17,986.82,29.05,2.72,12,,0,Em Trânsito
PED-10397,2026-05-11,Centro-Oeste,Móveis,3166.01,1839.94,102.15,29.04,2026-05-19,2026-05-20,Entregue,1326.0700000000002,1223.92,38.66,3.52,8,9.0,0,Entregue com Atraso
PED-10398,2026-05-11,Sul,Alimentos,1970.91,1288.06,110.49,39.9,2026-05-16,2026-05-22,Entregue,682.8500000000001,572.3600000000001,29.04,2.77,5,11.0,0,Entregue com Atraso
PED-10399,2026-03-25,Norte,Ferramentas,2201.0,1276.77,22.23,3.15,2026-03-30,,Cancelado,924.23,902.0,40.98,7.06,5,,0,Cancelado
PED-10400,2026-05-09,Centro-Oeste,Eletrônicos,1064.12,501.33,97.54,47.45,2026-05-17,2026-05-19,Entregue,562.79,465.24999999999994,43.72,2.06,8,10.0,0,Entregue com Atraso
PED-10401,2026-07-08,Sudeste,Móveis,1819.58,1112.17,189.1,46.79,2026-07-11,,Cancelado,707.4099999999999,518.3099999999998,28.49,4.04,3,,0,Cancelado
PED-10402,2026-06-20,Centro-Oeste,Ferramentas,206.81,122.84,55.53,11.72,2026-06-30,,Em Transito,83.97,28.439999999999998,13.75,4.74,10,,0,Em Trânsito
PED-10403,2026-05-08,Norte,Eletrônicos,2992.79,2030.65,123.66,49.82,2026-05-21,2026-05-20,Entregue,962.1399999999999,838.4799999999999,28.02,2.48,13,12.0,1,Entregue no Prazo
PED-10404,2026-05-20,Nordeste,Ferramentas,435.0,253.39,41.36,14.41,2026-06-02,2026-06-06,Entregue,181.61,140.25,32.24,2.87,13,17.0,0,Entregue com Atraso
PED-10405,2026-04-13,Sul,Eletrônicos,777.2,440.62,93.35,42.9,2026-04-22,2026-04-23,Entregue,336.58000000000004,243.23000000000005,31.3,2.18,9,10.0,0,Entregue com Atraso
PED-10406,2026-02-23,Nordeste,Eletrônicos,858.77,432.41,23.87,1.99,2026-02-27,2026-03-03,Entregue,426.35999999999996,402.48999999999995,46.87,11.99,4,8.0,0,Entregue com Atraso
PED-10407,2026-01-17,Sul,Alimentos,2975.98,2036.01,133.14,44.3,2026-01-22,2026-01-20,Entregue,939.97,806.83,27.11,3.01,5,3.0,1,Entregue no Prazo
PED-10408,2026-02-21,Sudeste,Eletrônicos,2486.55,1459.12,136.34,49.51,2026-03-04,,Em Transito,1027.4300000000003,891.0900000000003,35.84,2.75,11,,0,Em Trânsito
PED-10409,2026-01-28,Nordeste,Móveis,1234.68,803.0,111.39,46.81,2026-02-06,2026-02-06,Entregue,431.68000000000006,320.2900000000001,25.94,2.38,9,9.0,1,Entregue no Prazo
PED-10410,2026-04-21,Norte,Ferramentas,1591.17,875.87,72.78,12.71,2026-04-28,2026-05-04,Entregue,715.3000000000001,642.5200000000001,40.38,5.73,7,13.0,0,Entregue com Atraso
PED-10411,2026-01-10,Sul,Vestuário,1065.22,462.77,182.66,47.11,2026-01-12,2026-01-18,Entregue,602.45,419.7900000000001,39.41,3.88,2,8.0,0,Entregue com Atraso
PED-10412,2026-06-11,Sudeste,Alimentos,2663.25,1301.06,88.96188596491228,15.29,2026-06-13,2026-06-12,Entregue,1362.19,1273.2281140350879,47.81,5.82,2,1.0,1,Entregue no Prazo
PED-10413,2026-03-25,Nordeste,Alimentos,463.62,287.67,95.85,26.81,2026-04-01,,Cancelado,175.95,80.1,17.28,3.58,7,,0,Cancelado
PED-10414,2026-06-29,Nordeste,Ferramentas,2063.44,1066.87,90.05,18.08,2026-07-11,,Em Transito,996.5700000000002,906.5200000000002,43.93,4.98,12,,0,Em Trânsito
PED-10415,2026-01-18,Centro-Oeste,Alimentos,3061.92,1705.31,163.7,35.13,2026-01-27,2026-02-02,Entregue,1356.6100000000001,1192.91,38.96,4.66,9,15.0,0,Entregue com Atraso
PED-10416,2026-03-02,Centro-Oeste,Móveis,2040.16,1100.04,41.81,6.38,2026-03-16,,Cancelado,940.1200000000001,898.3100000000002,44.03,6.55,14,,0,Cancelado
PED-10417,2026-01-02,Nordeste,Alimentos,2178.46,1435.69,56.34,11.54,2026-01-10,2026-01-14,Entregue,742.77,686.43,31.51,4.88,8,12.0,0,Entregue com Atraso
PED-10418,2026-07-01,Norte,Móveis,2787.82,1141.71,82.97,39.21,2026-07-10,2026-07-12,Entregue,1646.1100000000001,1563.14,56.07,2.12,9,11.0,0,Entregue com Atraso
PED-10419,2026-05-09,Centro-Oeste,Eletrônicos,922.36,528.78,70.61,18.28,2026-05-15,2026-05-16,Entregue,393.58000000000004,322.97,35.02,3.86,6,7.0,0,Entregue com Atraso
PED-10420,2026-01-08,Nordeste,Eletrônicos,1972.72,881.43,190.59,41.81,2026-01-22,2026-01-26,Entregue,1091.29,900.6999999999999,45.66,4.56,14,18.0,0,Entregue com Atraso
PED-10421,2026-01-27,Centro-Oeste,Eletrônicos,1001.36,461.9,25.71,1.33,2026-02-02,2026-01-31,Entregue,539.46,513.75,51.31,19.33,6,4.0,1,Entregue no Prazo
PED-10422,2026-02-16,Centro-Oeste,Móveis,1456.73,653.15,129.42,32.99,2026-02-19,,Em Transito,803.58,674.1600000000001,46.28,3.92,3,,0,Em Trânsito
PED-10423,2026-01-13,Norte,Vestuário,2718.82,1123.45,127.82,34.82,2026-01-17,2026-01-17,Entregue,1595.3700000000001,1467.5500000000002,53.98,3.67,4,4.0,1,Entregue no Prazo
PED-10424,2026-06-25,Norte,Ferramentas,1561.71,1046.0,96.82733333333333,48.13,2026-06-29,,Em Transito,515.71,418.8826666666667,26.82,2.01,4,,0,Em Trânsito
PED-10425,2026-05-22,Centro-Oeste,Alimentos,1969.33,804.96,118.46,45.41,2026-05-27,,Cancelado,1164.37,1045.9099999999999,53.11,2.61,5,,0,Cancelado
PED-10426,2026-07-13,Sul,Vestuário,955.08,471.73,200.79,41.91,2026-07-21,,Em Transito,483.35,282.56000000000006,29.58,4.79,8,,0,Em Trânsito
PED-10427,2026-02-26,Sul,Móveis,1136.15,469.13,138.76,39.16,2026-03-06,,Em Transito,667.0200000000001,528.2600000000001,46.5,3.54,8,,0,Em Trânsito
PED-10428,2026-05-31,Centro-Oeste,Móveis,868.15,375.29,107.56,38.52,2026-06-07,2026-06-06,Entregue,492.85999999999996,385.29999999999995,44.38,2.79,7,6.0,1,Entregue no Prazo
PED-10429,2026-01-06,Sul,Vestuário,2908.28,1785.26,101.77,34.99,2026-01-11,2026-01-17,Entregue,1123.0200000000002,1021.2500000000002,35.12,2.91,5,11.0,0,Entregue com Atraso
PED-10430,2026-07-17,Sul,Eletrônicos,1430.73,908.5,75.2,13.66,2026-07-29,2026-07-29,Entregue,522.23,447.03000000000003,31.24,5.51,12,12.0,1,Entregue no Prazo
PED-10431,2026-01-14,Nordeste,Móveis,465.34,317.16,36.68,9.47,2026-01-18,,Cancelado,148.17999999999995,111.49999999999994,23.96,3.87,4,,0,Cancelado
PED-10432,2026-01-30,Nordeste,Alimentos,500.23,284.94,96.77,22.39,2026-02-10,2026-02-16,Entregue,215.29000000000002,118.52000000000002,23.69,4.32,11,17.0,0,Entregue com Atraso
PED-10433,2026-05-07,Nordeste,Eletrônicos,2332.93,1354.81,63.82,8.57,2026-05-11,2026-05-11,Entregue,978.1199999999999,914.2999999999998,39.19,7.45,4,4.0,1,Entregue no Prazo
PED-10434,2026-07-11,Sudeste,Alimentos,173.96,117.96,69.76,11.08,2026-07-13,2026-07-12,Entregue,56.000000000000014,-13.759999999999991,-7.91,6.3,2,1.0,1,Entregue no Prazo
PED-10435,2026-05-24,Nordeste,Alimentos,1132.29,537.12,122.21,35.04,2026-06-06,,Cancelado,595.17,472.96,41.77,3.49,13,,0,Cancelado
PED-10436,2026-02-28,Sul,Vestuário,2002.95,1252.72,46.18,7.03,2026-03-08,,Em Transito,750.23,704.0500000000001,35.15,6.57,8,,0,Em Trânsito
PED-10437,2026-01-17,Centro-Oeste,Eletrônicos,829.97,535.49,99.41,46.55,2026-01-22,,Em Transito,294.48,195.07000000000002,23.5,2.14,5,,0,Em Trânsito
PED-10438,2026-04-11,Sudeste,Ferramentas,3053.69,1916.88,93.88,36.51,2026-04-16,,Em Transito,1136.81,1042.9299999999998,34.15,2.57,5,,0,Em Trânsito
PED-10439,2026-03-05,Centro-Oeste,Vestuário,3192.27,1801.16,82.54,36.83,2026-03-10,2026-03-11,Entregue,1391.11,1308.57,40.99,2.24,5,6.0,0,Entregue com Atraso
PED-10440,2026-07-01,Norte,Ferramentas,1214.49,778.31,96.82733333333333,12.7,2026-07-08,,Cancelado,436.18000000000006,339.3526666666667,27.94,7.62,7,,0,Cancelado
PED-10441,2026-04-21,Norte,Eletrônicos,843.48,441.47,70.16,12.41,2026-05-01,,Em Transito,402.01,331.85,39.34,5.65,10,,0,Em Trânsito
PED-10442,2026-03-23,Centro-Oeste,Alimentos,2314.53,1297.4,30.98,4.56,2026-03-28,,Cancelado,1017.1300000000001,986.1500000000001,42.61,6.79,5,,0,Cancelado
PED-10443,2026-05-17,Sudeste,Alimentos,3421.62,2183.49,151.61,33.14,2026-05-27,,Cancelado,1238.13,1086.52,31.75,4.57,10,,0,Cancelado
PED-10444,2026-06-30,Sudeste,Vestuário,1468.61,775.79,62.57,16.85,2026-07-02,,Cancelado,692.8199999999999,630.2499999999999,42.91,3.71,2,,0,Cancelado
PED-10445,2026-05-19,Centro-Oeste,Alimentos,2131.01,1187.14,70.72,13.05,2026-05-21,2026-05-20,Entregue,943.8700000000001,873.1500000000001,40.97,5.42,2,1.0,1,Entregue no Prazo
PED-10446,2026-07-18,Sudeste,Móveis,3036.19,1308.15,40.17,6.73,2026-07-27,2026-07-27,Entregue,1728.04,1687.87,55.59,5.97,9,9.0,1,Entregue no Prazo
PED-10447,2026-04-23,Sudeste,Eletrônicos,2404.74,1376.97,97.26,21.74,2026-04-30,,Em Transito,1027.7699999999998,930.5099999999998,38.69,4.47,7,,0,Em Trânsito
PED-10448,2026-07-07,Sudeste,Eletrônicos,2207.39,1377.68,64.58,11.33,2026-07-13,,Cancelado,829.7099999999998,765.1299999999998,34.66,5.7,6,,0,Cancelado
PED-10449,2026-04-17,Sul,Eletrônicos,3489.34,1587.77,126.88,29.91,2026-04-30,2026-05-06,Entregue,1901.5700000000002,1774.69,50.86,4.24,13,19.0,0,Entregue com Atraso
PED-10450,2026-06-25,Norte,Alimentos,2732.22,1644.4,156.22,36.35,2026-07-02,2026-07-01,Entregue,1087.8199999999997,931.5999999999997,34.1,4.3,7,6.0,1,Entregue no Prazo
PED-10451,2026-01-29,Norte,Ferramentas,2040.24,1161.26,100.25,25.26,2026-02-09,,Cancelado,878.98,778.73,38.17,3.97,11,,0,Cancelado
PED-10452,2026-05-08,Sudeste,Alimentos,569.87,373.54,234.12,49.58,2026-05-15,,Cancelado,196.32999999999998,-37.79000000000002,-6.63,4.72,7,,0,Cancelado
PED-10453,2026-06-10,Centro-Oeste,Alimentos,2169.98,1246.35,68.16,13.05,2026-06-24,2026-06-24,Entregue,923.6300000000001,855.4700000000001,39.42,5.22,14,14.0,1,Entregue no Prazo
PED-10454,2026-07-17,Norte,Eletrônicos,2344.44,1329.24,70.33,17.47,2026-07-30,2026-08-05,Entregue,1015.2,944.87,40.3,4.03,13,19.0,0,Entregue com Atraso
PED-10455,2026-01-05,Centro-Oeste,Vestuário,1436.99,889.04,159.32,39.1,2026-01-17,2026-01-17,Entregue,547.95,388.63000000000005,27.04,4.07,12,12.0,1,Entregue no Prazo
PED-10456,2026-03-24,Centro-Oeste,Vestuário,2891.44,1936.21,89.14,27.88,2026-04-03,2026-04-03,Entregue,955.23,866.09,29.95,3.2,10,10.0,1,Entregue no Prazo
PED-10457,2026-05-09,Norte,Alimentos,383.42,173.72,233.36,49.37,2026-05-18,2026-05-19,Entregue,209.70000000000002,-23.659999999999997,-6.17,4.73,9,10.0,0,Entregue com Atraso
PED-10458,2026-02-15,Sul,Eletrônicos,1154.09,626.6,88.17,16.26,2026-02-18,,Cancelado,527.4899999999999,439.3199999999999,38.07,5.42,3,,0,Cancelado
PED-10459,2026-04-22,Sul,Eletrônicos,2231.77,978.63,130.03,29.14,2026-05-05,,Em Transito,1253.1399999999999,1123.11,50.32,4.46,13,,0,Em Trânsito
PED-10460,2026-01-04,Sul,Vestuário,2569.36,1505.01,43.44,9.74,2026-01-17,2026-01-18,Entregue,1064.3500000000001,1020.9100000000001,39.73,4.46,13,14.0,0,Entregue com Atraso
PED-10461,2026-04-19,Sul,Vestuário,829.81,469.1,106.87,26.42,2026-04-23,2026-04-25,Entregue,360.7099999999999,253.83999999999992,30.59,4.05,4,6.0,0,Entregue com Atraso
PED-10462,2026-01-20,Sul,Vestuário,2070.28,1166.2,52.49,12.07,2026-01-31,2026-02-01,Entregue,904.0800000000002,851.5900000000001,41.13,4.35,11,12.0,0,Entregue com Atraso
PED-10463,2026-05-14,Norte,Eletrônicos,2167.05,1450.58,167.1,40.59,2026-05-26,,Em Transito,716.4700000000003,549.3700000000002,25.35,4.12,12,,0,Em Trânsito
PED-10464,2026-01-11,Centro-Oeste,Alimentos,705.28,430.59,111.27,28.04,2026-01-23,2026-01-23,Entregue,274.69,163.42000000000002,23.17,3.97,12,12.0,1,Entregue no Prazo
PED-10465,2026-05-01,Centro-Oeste,Eletrônicos,2924.56,1435.68,186.7,48.34,2026-05-06,2026-05-04,Entregue,1488.8799999999999,1302.1799999999998,44.53,3.86,5,3.0,1,Entregue no Prazo
PED-10466,2026-04-02,Nordeste,Ferramentas,465.54,267.85,152.14,48.48,2026-04-13,2026-04-14,Entregue,197.69,45.55000000000001,9.78,3.14,11,12.0,0,Entregue com Atraso
PED-10467,2026-01-14,Sul,Alimentos,3492.24,1870.17,60.99,18.06,2026-01-28,,Cancelado,1622.0699999999997,1561.0799999999997,44.7,3.38,14,,0,Cancelado
PED-10468,2026-06-28,Sudeste,Vestuário,2325.93,1238.81,141.41,32.59,2026-07-05,2026-07-07,Entregue,1087.12,945.7099999999999,40.66,4.34,7,9.0,0,Entregue com Atraso
PED-10469,2026-06-18,Sudeste,Móveis,955.52,532.78,27.6,6.0,2026-06-30,,Em Transito,422.74,395.14,41.35,4.6,12,,0,Em Trânsito
PED-10470,2026-07-07,Sudeste,Alimentos,2583.56,1195.28,18.44,3.4,2026-07-09,2026-07-15,Entregue,1388.28,1369.84,53.02,5.42,2,8.0,0,Entregue com Atraso
PED-10471,2026-06-01,Sul,Alimentos,1913.96,811.11,74.37,28.51,2026-06-11,2026-06-11,Entregue,1102.85,1028.48,53.74,2.61,10,10.0,1,Entregue no Prazo
PED-10472,2026-01-04,Centro-Oeste,Eletrônicos,1856.64,920.41,66.25,23.76,2026-01-14,,Em Transito,936.2300000000001,869.9800000000001,46.86,2.79,10,,0,Em Trânsito
PED-10473,2026-03-07,Norte,Alimentos,2908.85,1847.24,54.12,14.21,2026-03-15,,Cancelado,1061.61,1007.4899999999999,34.64,3.81,8,,0,Cancelado
PED-10474,2026-03-28,Sudeste,Ferramentas,1409.77,819.08,141.13,40.18,2026-04-01,,Cancelado,590.6899999999999,449.55999999999995,31.89,3.51,4,,0,Cancelado
PED-10475,2026-01-30,Nordeste,Móveis,1710.41,1099.63,109.9,47.55,2026-02-11,2026-02-12,Entregue,610.78,500.88,29.28,2.31,12,13.0,0,Entregue com Atraso
PED-10476,2026-06-10,Sul,Ferramentas,1567.5,929.82,59.22,19.36,2026-06-17,2026-06-17,Entregue,637.68,578.4599999999999,36.9,3.06,7,7.0,1,Entregue no Prazo
PED-10477,2026-06-15,Centro-Oeste,Móveis,1576.89,653.63,114.35,41.11,2026-06-20,2026-06-19,Entregue,923.2600000000001,808.9100000000001,51.3,2.78,5,4.0,1,Entregue no Prazo
PED-10478,2026-01-22,Sudeste,Alimentos,3277.05,1769.07,89.17,22.55,2026-01-28,2026-01-30,Entregue,1507.9800000000002,1418.8100000000002,43.3,3.95,6,8.0,0,Entregue com Atraso
PED-10479,2026-04-29,Nordeste,Eletrônicos,122.52,79.13,141.43,41.33,2026-05-05,2026-05-05,Entregue,43.39,-98.04,-80.02,3.42,6,6.0,1,Entregue no Prazo
PED-10480,2026-02-08,Sudeste,Ferramentas,92.58,41.0,125.98,37.24,2026-02-22,2026-02-23,Entregue,51.58,-74.4,-80.36,3.38,14,15.0,0,Entregue com Atraso
PED-10481,2026-04-03,Sul,Vestuário,1370.61,893.29,33.2,7.69,2026-04-08,2026-04-08,Entregue,477.31999999999994,444.11999999999995,32.4,4.32,5,5.0,1,Entregue no Prazo
PED-10482,2026-01-16,Centro-Oeste,Vestuário,3079.22,1747.03,222.54,48.01,2026-01-26,2026-02-01,Entregue,1332.1899999999998,1109.6499999999999,36.04,4.64,10,16.0,0,Entregue com Atraso
PED-10483,2026-06-21,Nordeste,Móveis,3313.6,2162.62,41.02,15.18,2026-07-01,2026-07-07,Entregue,1150.98,1109.96,33.5,2.7,10,16.0,0,Entregue com Atraso
PED-10484,2026-04-22,Nordeste,Alimentos,1285.58,895.86,159.07,34.37,2026-05-04,2026-05-03,Entregue,389.7199999999999,230.64999999999992,17.94,4.63,12,11.0,1,Entregue no Prazo
PED-10485,2026-01-28,Sudeste,Vestuário,64.45,38.74,133.21,32.27,2026-02-09,2026-02-13,Entregue,25.71,-107.5,-166.8,4.13,12,16.0,0,Entregue com Atraso
PED-10486,2026-03-09,Nordeste,Móveis,192.93,133.19,73.22,27.72,2026-03-18,,Cancelado,59.74000000000001,-13.47999999999999,-6.99,2.64,9,,0,Cancelado
PED-10487,2026-04-28,Sudeste,Móveis,2387.53,1346.75,73.25,24.02,2026-05-11,,Cancelado,1040.7800000000002,967.5300000000002,40.52,3.05,13,,0,Cancelado
PED-10488,2026-05-27,Sul,Ferramentas,2421.17,1666.94,129.58,36.65,2026-06-05,2026-06-03,Entregue,754.23,624.65,25.8,3.54,9,7.0,1,Entregue no Prazo
PED-10489,2026-05-31,Sul,Móveis,2846.12,1371.25,161.68,36.71,2026-06-02,2026-06-02,Entregue,1474.87,1313.1899999999998,46.14,4.4,2,2.0,1,Entregue no Prazo
PED-10490,2026-06-03,Sul,Móveis,2300.35,1237.34,165.13,33.95,2026-06-11,,Em Transito,1063.01,897.88,39.03,4.86,8,,0,Em Trânsito
PED-10491,2026-06-12,Norte,Ferramentas,508.88,227.79,107.59,47.49,2026-06-18,2026-06-22,Entregue,281.09000000000003,173.50000000000003,34.09,2.27,6,10.0,0,Entregue com Atraso
PED-10492,2026-05-14,Sul,Vestuário,2467.5,1423.02,157.97,46.96,2026-05-17,2026-05-17,Entregue,1044.48,886.51,35.93,3.36,3,3.0,1,Entregue no Prazo
PED-10493,2026-02-14,Norte,Móveis,288.58,187.07,63.75,13.1,2026-02-22,2026-02-22,Entregue,101.50999999999999,37.75999999999999,13.08,4.87,8,8.0,1,Entregue no Prazo
PED-10494,2026-04-19,Nordeste,Ferramentas,2585.84,1507.63,74.71,24.66,2026-04-27,,Em Transito,1078.21,1003.5,38.81,3.03,8,,0,Em Trânsito
PED-10495,2026-05-25,Norte,Eletrônicos,680.49,337.33,53.75,21.07,2026-06-06,2026-06-07,Entregue,343.16,289.41,42.53,2.55,12,13.0,0,Entregue com Atraso
PED-10496,2026-03-07,Sul,Ferramentas,1677.19,716.88,106.09,31.47,2026-03-09,,Em Transito,960.3100000000001,854.22,50.93,3.37,2,,0,Em Trânsito
PED-10497,2026-07-09,Nordeste,Alimentos,1000.6,548.69,48.21,6.52,2026-07-12,2026-07-11,Entregue,451.90999999999997,403.7,40.35,7.39,3,2.0,1,Entregue no Prazo
PED-10498,2026-01-25,Sul,Eletrônicos,2023.82,919.29,60.66,13.81,2026-02-07,2026-02-06,Entregue,1104.53,1043.87,51.58,4.39,13,12.0,1,Entregue no Prazo
PED-10499,2026-01-21,Sudeste,Eletrônicos,331.43,141.3,39.46,9.01,2026-01-31,,Em Transito,190.13,150.67,45.46,4.38,10,,0,Em Trânsito
PED-10500,2026-05-05,Nordeste,Alimentos,2290.36,1375.73,151.12,40.03,2026-05-10,2026-05-10,Entregue,914.6300000000001,763.5100000000001,33.34,3.78,5,5.0,1,Entregue no Prazo
PED-10501,2026-01-05,Norte,Móveis,3106.4,2003.08,16.94,1.44,2026-01-19,2026-01-25,Entregue,1103.3200000000002,1086.38,34.97,11.76,14,20.0,0,Entregue com Atraso
PED-10502,2026-04-20,Nordeste,Ferramentas,53.21,35.7,20.84,1.72,2026-04-25,,Cancelado,17.509999999999998,-3.330000000000002,-6.26,12.12,5,,0,Cancelado
PED-10503,2026-03-14,Norte,Móveis,2397.65,1629.23,150.38,31.21,2026-03-22,,Cancelado,768.4200000000001,618.0400000000001,25.78,4.82,8,,0,Cancelado
PED-10504,2026-06-28,Centro-Oeste,Eletrônicos,574.01,286.18,33.3,3.2,2026-07-12,2026-07-18,Entregue,287.83,254.52999999999997,44.34,10.41,14,20.0,0,Entregue com Atraso
PED-10505,2026-04-16,Sul,Móveis,557.93,257.75,58.87,16.01,2026-04-22,2026-04-23,Entregue,300.17999999999995,241.30999999999995,43.25,3.68,6,7.0,0,Entregue com Atraso
PED-10506,2026-04-21,Nordeste,Alimentos,2792.95,1388.43,141.95,38.38,2026-04-23,2026-04-24,Entregue,1404.5199999999998,1262.5699999999997,45.21,3.7,2,3.0,0,Entregue com Atraso
PED-10507,2026-02-18,Nordeste,Vestuário,907.46,449.27,190.36,40.54,2026-03-01,2026-03-03,Entregue,458.19000000000005,267.83000000000004,29.51,4.7,11,13.0,0,Entregue com Atraso
PED-10508,2026-06-02,Sudeste,Ferramentas,1182.15,491.93,92.6,33.63,2026-06-14,2026-06-14,Entregue,690.22,597.62,50.55,2.75,12,12.0,1,Entregue no Prazo
PED-10509,2026-03-16,Centro-Oeste,Vestuário,3335.73,1663.35,104.48,33.28,2026-03-28,2026-03-28,Entregue,1672.38,1567.9,47.0,3.14,12,12.0,1,Entregue no Prazo
PED-10510,2026-03-12,Nordeste,Ferramentas,2482.39,1545.52,79.4,34.05,2026-03-17,2026-03-17,Entregue,936.8699999999999,857.4699999999999,34.54,2.33,5,5.0,1,Entregue no Prazo
PED-10511,2026-01-27,Nordeste,Vestuário,801.11,341.63,52.56,10.13,2026-02-08,2026-02-08,Entregue,459.48,406.92,50.79,5.19,12,12.0,1,Entregue no Prazo
PED-10512,2026-06-14,Nordeste,Vestuário,2134.88,1149.14,196.65,41.52,2026-06-18,,Em Transito,985.74,789.09,36.96,4.74,4,,0,Em Trânsito
PED-10513,2026-01-14,Centro-Oeste,Ferramentas,1302.29,864.44,104.59,36.41,2026-01-22,2026-01-21,Entregue,437.8499999999999,333.2599999999999,25.59,2.87,8,7.0,1,Entregue no Prazo
PED-10514,2026-03-20,Sul,Móveis,2228.25,1072.16,66.92,12.82,2026-04-03,2026-04-02,Entregue,1156.09,1089.1699999999998,48.88,5.22,14,13.0,1,Entregue no Prazo
PED-10515,2026-06-09,Norte,Eletrônicos,814.23,339.41,59.07,13.15,2026-06-19,,Cancelado,474.82,415.75,51.06,4.49,10,,0,Cancelado
PED-10516,2026-06-08,Centro-Oeste,Eletrônicos,527.38,366.44,66.82,12.87,2026-06-10,,Cancelado,160.94,94.12,17.85,5.19,2,,0,Cancelado
PED-10517,2026-04-03,Norte,Ferramentas,1466.95,946.6,101.22,44.81,2026-04-06,2026-04-04,Entregue,520.35,419.13,28.57,2.26,3,1.0,1,Entregue no Prazo
PED-10518,2026-05-10,Norte,Ferramentas,2329.75,1453.55,46.31,15.92,2026-05-20,,Cancelado,876.2,829.8900000000001,35.62,2.91,10,,0,Cancelado
PED-10519,2026-02-20,Nordeste,Ferramentas,754.64,396.65,50.18,11.37,2026-03-02,2026-03-02,Entregue,357.99,307.81,40.79,4.41,10,10.0,1,Entregue no Prazo
PED-10520,2026-06-11,Centro-Oeste,Vestuário,283.24,174.82,127.47,46.48,2026-06-13,2026-06-17,Entregue,108.42000000000002,-19.049999999999983,-6.73,2.74,2,6.0,0,Entregue com Atraso
PED-10521,2026-01-27,Sul,Vestuário,2193.59,1350.41,41.42,5.97,2026-02-01,,Em Transito,843.1800000000001,801.7600000000001,36.55,6.94,5,,0,Em Trânsito
PED-10522,2026-03-28,Sudeste,Móveis,997.05,585.67,40.53,4.52,2026-04-04,,Cancelado,411.38,370.85,37.19,8.97,7,,0,Cancelado
PED-10523,2026-07-08,Sudeste,Eletrônicos,3021.99,1993.94,24.09,0.99,2026-07-19,2026-07-19,Entregue,1028.0499999999997,1003.9599999999997,33.22,24.33,11,11.0,1,Entregue no Prazo
PED-10524,2026-04-16,Sudeste,Eletrônicos,3108.43,1615.12,88.96188596491228,43.21,2026-04-30,,Cancelado,1493.31,1404.3481140350877,45.18,2.06,14,,0,Cancelado
PED-10525,2026-06-24,Norte,Móveis,859.9,555.2,106.01,17.2,2026-07-03,2026-07-04,Entregue,304.69999999999993,198.68999999999994,23.11,6.16,9,10.0,0,Entregue com Atraso
PED-10526,2026-04-23,Sul,Eletrônicos,1055.2,554.21,99.89,19.15,2026-04-30,2026-04-30,Entregue,500.99,401.1,38.01,5.22,7,7.0,1,Entregue no Prazo
PED-10527,2026-02-11,Sudeste,Eletrônicos,3339.24,1396.03,51.14,15.23,2026-02-13,2026-02-17,Entregue,1943.2099999999998,1892.0699999999997,56.66,3.36,2,6.0,0,Entregue com Atraso
PED-10528,2026-05-27,Nordeste,Alimentos,121.62,76.41,18.3,2.62,2026-06-02,,Cancelado,45.21000000000001,26.910000000000007,22.13,6.98,6,,0,Cancelado
PED-10529,2026-05-09,Sul,Ferramentas,3015.78,1359.04,191.53,42.77,2026-05-18,2026-05-16,Entregue,1656.7400000000002,1465.2100000000003,48.58,4.48,9,7.0,1,Entregue no Prazo
PED-10530,2026-01-17,Nordeste,Vestuário,3114.26,1431.83,59.94,14.57,2026-01-20,,Cancelado,1682.4300000000003,1622.4900000000002,52.1,4.11,3,,0,Cancelado
PED-10531,2026-03-12,Sul,Móveis,628.1,309.71,101.08,25.42,2026-03-19,2026-03-19,Entregue,318.39000000000004,217.31000000000006,34.6,3.98,7,7.0,1,Entregue no Prazo
PED-10532,2026-02-27,Sul,Móveis,810.76,369.54,234.42,47.57,2026-03-13,,Em Transito,441.21999999999997,206.79999999999998,25.51,4.93,14,,0,Em Trânsito
PED-10533,2026-02-05,Centro-Oeste,Vestuário,3319.84,1468.56,119.34,38.29,2026-02-07,,Cancelado,1851.2800000000002,1731.9400000000003,52.17,3.12,2,,0,Cancelado
PED-10534,2026-03-28,Centro-Oeste,Móveis,1603.47,896.87,169.42,37.41,2026-04-08,2026-04-10,Entregue,706.6,537.1800000000001,33.5,4.53,11,13.0,0,Entregue com Atraso
PED-10535,2026-06-29,Sudeste,Móveis,2107.81,1358.09,58.96,19.42,2026-07-01,2026-07-01,Entregue,749.72,690.76,32.77,3.04,2,2.0,1,Entregue no Prazo
PED-10536,2026-07-11,Norte,Eletrônicos,1864.98,1170.82,114.61,35.78,2026-07-23,2026-07-22,Entregue,694.1600000000001,579.5500000000001,31.08,3.2,12,11.0,1,Entregue no Prazo
PED-10537,2026-01-13,Nordeste,Alimentos,137.45,83.43,53.43,16.15,2026-01-24,2026-01-24,Entregue,54.01999999999998,0.5899999999999821,0.43,3.31,11,11.0,1,Entregue no Prazo
PED-10538,2026-02-10,Centro-Oeste,Eletrônicos,359.67,242.15,17.65,0.8,2026-02-20,,Em Transito,117.52000000000001,99.87,27.77,22.06,10,,0,Em Trânsito
PED-10539,2026-03-22,Nordeste,Ferramentas,2017.91,1159.23,117.23,35.88,2026-03-28,,Cancelado,858.6800000000001,741.45,36.74,3.27,6,,0,Cancelado
PED-10540,2026-03-15,Centro-Oeste,Eletrônicos,724.33,325.85,203.61,45.87,2026-03-18,2026-03-24,Entregue,398.48,194.87,26.9,4.44,3,9.0,0,Entregue com Atraso
PED-10541,2026-05-12,Sudeste,Vestuário,2595.85,1503.59,119.46,44.1,2026-05-22,,Cancelado,1092.26,972.8,37.48,2.71,10,,0,Cancelado
PED-10542,2026-01-19,Sudeste,Alimentos,1731.48,1051.74,56.22,13.46,2026-01-21,2026-01-21,Entregue,679.74,623.52,36.01,4.18,2,2.0,1,Entregue no Prazo
PED-10543,2026-01-19,Nordeste,Alimentos,2679.5,1724.37,99.37,17.42,2026-01-31,2026-02-02,Entregue,955.1300000000001,855.7600000000001,31.94,5.7,12,14.0,0,Entregue com Atraso
PED-10544,2026-04-10,Centro-Oeste,Alimentos,2827.59,1847.86,89.64,20.06,2026-04-12,2026-04-13,Entregue,979.7300000000002,890.0900000000003,31.48,4.47,2,3.0,0,Entregue com Atraso
PED-10545,2026-06-06,Norte,Alimentos,693.15,433.09,95.41,27.51,2026-06-17,2026-06-23,Entregue,260.06,164.65,23.75,3.47,11,17.0,0,Entregue com Atraso
PED-10546,2026-06-29,Norte,Ferramentas,1415.43,826.53,197.83,40.38,2026-07-01,,Em Transito,588.9000000000001,391.07000000000005,27.63,4.9,2,,0,Em Trânsito
PED-10547,2026-03-19,Sudeste,Alimentos,475.9,219.77,18.09,0.55,2026-03-22,2026-03-28,Entregue,256.13,238.04,50.02,32.89,3,9.0,0,Entregue com Atraso
PED-10548,2026-03-22,Norte,Móveis,578.35,357.67,99.41,30.21,2026-04-04,2026-04-04,Entregue,220.68,121.27000000000001,20.97,3.29,13,13.0,1,Entregue no Prazo
PED-10549,2026-02-13,Centro-Oeste,Ferramentas,3146.02,1371.08,64.32,16.73,2026-02-25,,Cancelado,1774.94,1710.6200000000001,54.37,3.84,12,,0,Cancelado
PED-10550,2026-02-17,Sul,Alimentos,3050.29,1300.77,98.28,38.95,2026-03-01,,Cancelado,1749.52,1651.24,54.13,2.52,12,,0,Cancelado
PED-10551,2026-05-02,Centro-Oeste,Ferramentas,1896.95,1120.33,65.03,10.23,2026-05-04,2026-05-04,Entregue,776.6200000000001,711.5900000000001,37.51,6.36,2,2.0,1,Entregue no Prazo
PED-10552,2026-06-15,Sudeste,Ferramentas,1552.12,1064.66,84.84,36.1,2026-06-28,,Em Transito,487.4599999999998,402.6199999999998,25.94,2.35,13,,0,Em Trânsito
PED-10553,2026-01-10,Sudeste,Eletrônicos,468.5,229.96,78.51,26.86,2026-01-23,,Em Transito,238.54,160.02999999999997,34.16,2.92,13,,0,Em Trânsito
PED-10554,2026-03-26,Nordeste,Alimentos,2060.27,900.82,36.85,6.51,2026-04-06,2026-04-07,Entregue,1159.4499999999998,1122.6,54.49,5.66,11,12.0,0,Entregue com Atraso
PED-10555,2026-07-10,Nordeste,Alimentos,1739.76,971.82,61.78,17.05,2026-07-16,,Em Transito,767.9399999999999,706.16,40.59,3.62,6,,0,Em Trânsito
PED-10556,2026-01-08,Norte,Ferramentas,1380.16,761.86,180.59,42.87,2026-01-11,,Cancelado,618.3000000000001,437.71000000000004,31.71,4.21,3,,0,Cancelado
PED-10557,2026-06-16,Norte,Eletrônicos,1181.2,733.69,20.23,2.32,2026-06-29,,Em Transito,447.51,427.28,36.17,8.72,13,,0,Em Trânsito
PED-10558,2026-05-14,Nordeste,Vestuário,2605.29,1421.2,36.73,4.73,2026-05-23,,Cancelado,1184.09,1147.36,44.04,7.77,9,,0,Cancelado
PED-10559,2026-05-06,Nordeste,Vestuário,2751.35,1719.72,99.2,23.11,2026-05-19,2026-05-25,Entregue,1031.6299999999999,932.4299999999998,33.89,4.29,13,19.0,0,Entregue com Atraso
PED-10560,2026-01-26,Nordeste,Vestuário,2782.18,1448.66,99.73,21.54,2026-02-03,,Cancelado,1333.5199999999998,1233.7899999999997,44.35,4.63,8,,0,Cancelado
PED-10561,2026-02-02,Centro-Oeste,Móveis,955.31,502.98,29.37,2.48,2026-02-06,2026-02-05,Entregue,452.3299999999999,422.9599999999999,44.27,11.84,4,3.0,1,Entregue no Prazo
PED-10562,2026-03-29,Centro-Oeste,Alimentos,848.18,442.13,167.18,49.67,2026-04-01,2026-04-01,Entregue,406.04999999999995,238.86999999999995,28.16,3.37,3,3.0,1,Entregue no Prazo
PED-10563,2026-03-30,Norte,Móveis,2226.16,1194.77,60.86,24.36,2026-04-07,2026-04-08,Entregue,1031.3899999999999,970.5299999999999,43.6,2.5,8,9.0,0,Entregue com Atraso
PED-10564,2026-02-03,Centro-Oeste,Eletrônicos,1725.44,1162.67,89.71,30.71,2026-02-10,,Cancelado,562.77,473.06,27.42,2.92,7,,0,Cancelado
PED-10565,2026-04-14,Sul,Móveis,1825.86,784.89,15.86,1.29,2026-04-27,2026-04-27,Entregue,1040.9699999999998,1025.11,56.14,12.29,13,13.0,1,Entregue no Prazo
PED-10566,2026-05-15,Sudeste,Móveis,2036.05,891.45,105.02,29.3,2026-05-28,2026-05-28,Entregue,1144.6,1039.58,51.06,3.58,13,13.0,1,Entregue no Prazo
PED-10567,2026-02-21,Centro-Oeste,Eletrônicos,502.94,247.9,53.04,10.49,2026-03-01,,Em Transito,255.04,202.0,40.16,5.06,8,,0,Em Trânsito
PED-10568,2026-03-26,Nordeste,Alimentos,828.97,484.94,20.22,2.5,2026-04-09,,Cancelado,344.03000000000003,323.81000000000006,39.06,8.09,14,,0,Cancelado
PED-10569,2026-06-17,Centro-Oeste,Vestuário,752.2,474.43,50.55,21.56,2026-06-23,2026-06-29,Entregue,277.77000000000004,227.22000000000003,30.21,2.34,6,12.0,0,Entregue com Atraso
PED-10570,2026-04-07,Norte,Eletrônicos,1907.35,1285.49,101.03,19.7,2026-04-16,2026-04-16,Entregue,621.8599999999999,520.8299999999999,27.31,5.13,9,9.0,1,Entregue no Prazo
PED-10571,2026-04-13,Sudeste,Ferramentas,2384.33,1213.67,141.2,46.94,2026-04-18,,Cancelado,1170.6599999999999,1029.4599999999998,43.18,3.01,5,,0,Cancelado
PED-10572,2026-07-19,Centro-Oeste,Vestuário,756.57,483.75,114.3,37.06,2026-07-25,,Cancelado,272.82000000000005,158.52000000000004,20.95,3.08,6,,0,Cancelado
PED-10573,2026-05-20,Norte,Móveis,212.12,106.41,92.4,20.55,2026-05-23,,Em Transito,105.71000000000001,13.310000000000002,6.27,4.5,3,,0,Em Trânsito
PED-10574,2026-02-22,Sudeste,Vestuário,3319.52,1545.67,62.08,16.65,2026-03-04,,Em Transito,1773.85,1711.77,51.57,3.73,10,,0,Em Trânsito
PED-10575,2026-06-27,Norte,Móveis,3238.87,1519.41,51.16,14.82,2026-06-29,2026-06-28,Entregue,1719.4599999999998,1668.2999999999997,51.51,3.45,2,1.0,1,Entregue no Prazo
PED-10576,2026-06-12,Sudeste,Móveis,2112.44,1266.24,84.35,21.26,2026-06-14,2026-06-20,Entregue,846.2,761.85,36.06,3.97,2,8.0,0,Entregue com Atraso
PED-10577,2026-02-18,Sul,Vestuário,1781.71,1199.05,166.49,36.0,2026-02-28,,Cancelado,582.6600000000001,416.1700000000001,23.36,4.62,10,,0,Cancelado
PED-10578,2026-07-11,Norte,Alimentos,2661.4,1614.77,94.79,43.25,2026-07-14,,Em Transito,1046.63,951.8400000000001,35.76,2.19,3,,0,Em Trânsito
PED-10579,2026-02-25,Norte,Alimentos,753.78,488.4,86.46,28.11,2026-03-05,,Em Transito,265.38,178.92000000000002,23.74,3.08,8,,0,Em Trânsito
PED-10580,2026-05-25,Sudeste,Ferramentas,3009.61,1479.14,66.07,10.04,2026-05-30,,Em Transito,1530.47,1464.4,48.66,6.58,5,,0,Em Trânsito
PED-10581,2026-02-13,Nordeste,Alimentos,309.79,158.85,111.6,41.12,2026-02-21,2026-02-27,Entregue,150.94000000000003,39.34000000000003,12.7,2.71,8,14.0,0,Entregue com Atraso
PED-10582,2026-05-18,Sudeste,Vestuário,3443.8,1429.36,43.34,5.29,2026-05-31,2026-06-02,Entregue,2014.4400000000003,1971.1000000000004,57.24,8.19,13,15.0,0,Entregue com Atraso
PED-10583,2026-02-18,Nordeste,Eletrônicos,2721.98,1198.57,101.27,23.65,2026-03-04,2026-03-04,Entregue,1523.41,1422.14,52.25,4.28,14,14.0,1,Entregue no Prazo
PED-10584,2026-03-19,Nordeste,Ferramentas,2782.38,1936.55,69.56,12.92,2026-03-26,2026-03-24,Entregue,845.8300000000002,776.2700000000002,27.9,5.38,7,5.0,1,Entregue no Prazo
PED-10585,2026-04-02,Norte,Alimentos,1938.2,1293.04,85.28,13.5,2026-04-08,2026-04-09,Entregue,645.1600000000001,559.8800000000001,28.89,6.32,6,7.0,0,Entregue com Atraso
PED-10586,2026-04-07,Nordeste,Ferramentas,239.63,137.44,19.25,4.59,2026-04-11,2026-04-12,Entregue,102.19,82.94,34.61,4.19,4,5.0,0,Entregue com Atraso
PED-10587,2026-06-21,Centro-Oeste,Móveis,1096.11,756.28,180.02,47.26,2026-06-25,,Cancelado,339.8299999999999,159.80999999999992,14.58,3.81,4,,0,Cancelado
PED-10588,2026-03-22,Centro-Oeste,Móveis,3284.86,1983.76,121.47,28.72,2026-04-02,2026-04-02,Entregue,1301.1000000000001,1179.63,35.91,4.23,11,11.0,1,Entregue no Prazo
PED-10589,2026-01-02,Norte,Vestuário,2579.4,1802.04,53.4,14.73,2026-01-14,2026-01-16,Entregue,777.3600000000001,723.9600000000002,28.07,3.63,12,14.0,0,Entregue com Atraso
PED-10590,2026-06-02,Centro-Oeste,Alimentos,2965.29,1238.65,72.29,13.95,2026-06-11,,Cancelado,1726.6399999999999,1654.35,55.79,5.18,9,,0,Cancelado
PED-10591,2026-01-12,Sudeste,Eletrônicos,2988.87,1928.29,13.27,1.18,2026-01-14,,Em Transito,1060.58,1047.31,35.04,11.25,2,,0,Em Trânsito
PED-10592,2026-07-07,Centro-Oeste,Vestuário,2038.89,1024.79,108.3,40.59,2026-07-09,,Cancelado,1014.1000000000001,905.8000000000002,44.43,2.67,2,,0,Cancelado
PED-10593,2026-02-16,Sul,Vestuário,689.66,313.53,118.69,25.89,2026-02-28,,Em Transito,376.13,257.44,37.33,4.58,12,,0,Em Trânsito
PED-10594,2026-03-23,Norte,Móveis,1333.55,570.41,81.05,23.17,2026-04-02,2026-04-08,Entregue,763.14,682.09,51.15,3.5,10,16.0,0,Entregue com Atraso
PED-10595,2026-02-04,Sudeste,Ferramentas,1823.15,1106.72,123.84,41.95,2026-02-14,,Em Transito,716.4300000000001,592.59,32.5,2.95,10,,0,Em Trânsito
PED-10596,2026-05-30,Norte,Ferramentas,228.22,94.66,81.42,19.62,2026-06-01,2026-06-01,Entregue,133.56,52.14,22.85,4.15,2,2.0,1,Entregue no Prazo
PED-10597,2026-05-04,Norte,Móveis,2738.81,1524.83,97.57,32.23,2026-05-06,,Em Transito,1213.98,1116.41,40.76,3.03,2,,0,Em Trânsito
PED-10598,2026-04-29,Sudeste,Móveis,2106.69,1310.1,45.87,10.94,2026-05-12,2026-05-12,Entregue,796.5900000000001,750.7200000000001,35.64,4.19,13,13.0,1,Entregue no Prazo
PED-10599,2026-03-27,Sudeste,Vestuário,300.7,138.24,68.05,17.72,2026-04-04,,Cancelado,162.45999999999998,94.40999999999998,31.4,3.84,8,,0,Cancelado
PED-10600,2026-03-29,Nordeste,Alimentos,786.72,411.72,109.73,35.35,2026-04-10,,Cancelado,375.0,265.27,33.72,3.1,12,,0,Cancelado
PED-10601,2026-01-04,Sul,Vestuário,2810.47,1327.94,37.23,3.87,2026-01-11,2026-01-15,Entregue,1482.5299999999997,1445.2999999999997,51.43,9.62,7,11.0,0,Entregue com Atraso
PED-10602,2026-03-09,Centro-Oeste,Vestuário,2273.47,1034.11,36.54,12.0,2026-03-11,2026-03-10,Entregue,1239.36,1202.82,52.91,3.04,2,1.0,1,Entregue no Prazo
PED-10603,2026-02-21,Norte,Vestuário,3038.5,1620.3,57.82,7.28,2026-02-25,2026-03-01,Entregue,1418.2,1360.38,44.77,7.94,4,8.0,0,Entregue com Atraso
PED-10604,2026-01-13,Nordeste,Eletrônicos,2335.0,1361.08,149.33,45.8,2026-01-15,2026-01-19,Entregue,973.9200000000001,824.59,35.31,3.26,2,6.0,0,Entregue com Atraso
PED-10605,2026-02-04,Sul,Ferramentas,1838.07,1133.47,38.9,9.12,2026-02-15,2026-02-15,Entregue,704.5999999999999,665.6999999999999,36.22,4.27,11,11.0,1,Entregue no Prazo
PED-10606,2026-03-16,Centro-Oeste,Ferramentas,1120.31,509.21,93.32,25.45,2026-03-26,2026-03-25,Entregue,611.0999999999999,517.78,46.22,3.67,10,9.0,1,Entregue no Prazo
PED-10607,2026-02-08,Nordeste,Ferramentas,3043.57,1863.54,38.27,5.76,2026-02-15,2026-02-16,Entregue,1180.0300000000002,1141.7600000000002,37.51,6.64,7,8.0,0,Entregue com Atraso
PED-10608,2026-04-23,Centro-Oeste,Ferramentas,2688.48,1289.58,98.33,40.44,2026-04-29,2026-04-30,Entregue,1398.9,1300.5700000000002,48.38,2.43,6,7.0,0,Entregue com Atraso
PED-10609,2026-03-05,Sudeste,Móveis,1540.44,1077.87,67.7,11.41,2026-03-12,2026-03-11,Entregue,462.57000000000016,394.8700000000002,25.63,5.93,7,6.0,1,Entregue no Prazo
PED-10610,2026-06-18,Sul,Ferramentas,2290.97,1512.96,97.31026315789474,41.5,2026-06-27,,Cancelado,778.0099999999998,680.699736842105,29.71,2.34,9,,0,Cancelado
PED-10611,2026-06-04,Sudeste,Móveis,3152.97,1387.5,102.86,19.64,2026-06-17,2026-06-17,Entregue,1765.4699999999998,1662.61,52.73,5.24,13,13.0,1,Entregue no Prazo
PED-10612,2026-04-05,Sul,Eletrônicos,3266.6,2147.67,51.64,8.94,2026-04-13,,Em Transito,1118.9299999999998,1067.2899999999997,32.67,5.78,8,,0,Em Trânsito
PED-10613,2026-01-29,Norte,Vestuário,135.02,82.23,167.27,36.4,2026-02-04,2026-02-04,Entregue,52.790000000000006,-114.48,-84.79,4.6,6,6.0,1,Entregue no Prazo
PED-10614,2026-07-12,Sul,Vestuário,2293.15,1593.15,91.18,45.64,2026-07-19,,Em Transito,700.0,608.8199999999999,26.55,2.0,7,,0,Em Trânsito
PED-10615,2026-05-06,Norte,Ferramentas,1634.74,680.92,109.39,21.63,2026-05-19,,Cancelado,953.82,844.4300000000001,51.66,5.06,13,,0,Cancelado
PED-10616,2026-06-13,Centro-Oeste,Eletrônicos,1216.9,820.39,195.36,49.06,2026-06-19,2026-06-19,Entregue,396.5100000000001,201.1500000000001,16.53,3.98,6,6.0,1,Entregue no Prazo
PED-10617,2026-01-26,Centro-Oeste,Vestuário,403.73,162.94,55.18,7.41,2026-02-09,2026-02-09,Entregue,240.79000000000002,185.61,45.97,7.45,14,14.0,1,Entregue no Prazo
PED-10618,2026-03-31,Sudeste,Vestuário,523.43,356.61,79.67,17.92,2026-04-02,,Cancelado,166.81999999999994,87.14999999999993,16.65,4.45,2,,0,Cancelado
PED-10619,2026-07-19,Sul,Ferramentas,2672.12,1107.94,100.1,42.26,2026-07-22,2026-07-28,Entregue,1564.1799999999998,1464.08,54.79,2.37,3,9.0,0,Entregue com Atraso
PED-10620,2026-01-29,Norte,Alimentos,703.58,366.1,84.6,47.42,2026-02-08,,Cancelado,337.48,252.88000000000002,35.94,1.78,10,,0,Cancelado
PED-10621,2026-06-15,Centro-Oeste,Eletrônicos,1917.7,930.5,140.24,49.74,2026-06-29,2026-06-29,Entregue,987.2,846.96,44.17,2.82,14,14.0,1,Entregue no Prazo
PED-10622,2026-03-13,Centro-Oeste,Ferramentas,3131.24,1900.12,77.36,14.55,2026-03-24,2026-03-30,Entregue,1231.12,1153.76,36.85,5.32,11,17.0,0,Entregue com Atraso
PED-10623,2026-03-28,Sudeste,Móveis,685.15,295.78,167.48,40.74,2026-04-11,2026-04-12,Entregue,389.37,221.89000000000001,32.39,4.11,14,15.0,0,Entregue com Atraso
PED-10624,2026-03-23,Sudeste,Alimentos,2371.27,1302.23,145.28,47.54,2026-03-28,2026-03-26,Entregue,1069.04,923.76,38.96,3.06,5,3.0,1,Entregue no Prazo
PED-10625,2026-04-26,Centro-Oeste,Eletrônicos,624.44,383.2,34.81,9.21,2026-05-03,,Em Transito,241.24000000000007,206.43000000000006,33.06,3.78,7,,0,Em Trânsito
PED-10626,2026-01-24,Sudeste,Vestuário,3417.5,1594.9,36.88,10.8,2026-02-05,2026-02-05,Entregue,1822.6,1785.7199999999998,52.25,3.41,12,12.0,1,Entregue no Prazo
PED-10627,2026-01-11,Nordeste,Móveis,1117.65,597.26,119.7,20.57,2026-01-22,2026-01-21,Entregue,520.3900000000001,400.6900000000001,35.85,5.82,11,10.0,1,Entregue no Prazo
PED-10628,2026-06-27,Sul,Vestuário,943.42,626.08,43.13,10.24,2026-06-30,2026-07-02,Entregue,317.3399999999999,274.2099999999999,29.07,4.21,3,5.0,0,Entregue com Atraso
PED-10629,2026-04-27,Norte,Alimentos,1847.06,998.74,19.86,4.02,2026-05-04,,Em Transito,848.3199999999999,828.4599999999999,44.85,4.94,7,,0,Em Trânsito
PED-10630,2026-02-27,Sul,Eletrônicos,419.92,221.32,112.92,22.89,2026-03-13,,Em Transito,198.60000000000002,85.68000000000002,20.4,4.93,14,,0,Em Trânsito
PED-10631,2026-03-09,Norte,Alimentos,2884.08,1459.98,82.12,32.96,2026-03-16,2026-03-16,Entregue,1424.1,1341.98,46.53,2.49,7,7.0,1,Entregue no Prazo
PED-10632,2026-02-16,Centro-Oeste,Móveis,1621.71,1082.15,68.96,28.69,2026-02-26,2026-02-26,Entregue,539.56,470.59999999999997,29.02,2.4,10,10.0,1,Entregue no Prazo
PED-10633,2026-05-22,Sul,Eletrônicos,3450.32,2090.91,54.41,12.56,2026-05-27,2026-05-27,Entregue,1359.4100000000003,1305.0000000000002,37.82,4.33,5,5.0,1,Entregue no Prazo
PED-10634,2026-03-23,Norte,Alimentos,1737.87,808.67,33.88,4.38,2026-03-29,2026-03-27,Entregue,929.1999999999999,895.3199999999999,51.52,7.74,6,4.0,1,Entregue no Prazo
PED-10635,2026-06-26,Nordeste,Alimentos,282.13,135.54,128.08,45.65,2026-07-10,2026-07-16,Entregue,146.59,18.50999999999999,6.56,2.81,14,20.0,0,Entregue com Atraso
PED-10636,2026-06-06,Centro-Oeste,Alimentos,2212.3,981.88,182.8,41.24,2026-06-18,2026-06-18,Entregue,1230.42,1047.6200000000001,47.35,4.43,12,12.0,1,Entregue no Prazo
PED-10637,2026-04-12,Centro-Oeste,Móveis,3188.0,1533.07,89.34,41.07,2026-04-22,2026-04-23,Entregue,1654.93,1565.5900000000001,49.11,2.18,10,11.0,0,Entregue com Atraso
PED-10638,2026-04-07,Norte,Alimentos,3209.56,1768.03,205.96,39.86,2026-04-14,,Cancelado,1441.53,1235.57,38.5,5.17,7,,0,Cancelado
PED-10639,2026-02-01,Nordeste,Vestuário,395.53,190.45,89.02,40.89,2026-02-11,,Cancelado,205.07999999999998,116.05999999999999,29.34,2.18,10,,0,Cancelado
PED-10640,2026-03-03,Sul,Alimentos,1485.76,668.53,95.48,49.32,2026-03-11,2026-03-10,Entregue,817.23,721.75,48.58,1.94,8,7.0,1,Entregue no Prazo
PED-10641,2026-03-05,Norte,Móveis,890.79,438.06,111.08,24.42,2026-03-16,,Em Transito,452.72999999999996,341.65,38.35,4.55,11,,0,Em Trânsito
PED-10642,2026-05-07,Nordeste,Móveis,2248.69,947.17,80.12,18.4,2026-05-15,2026-05-15,Entregue,1301.52,1221.4,54.32,4.35,8,8.0,1,Entregue no Prazo
PED-10643,2026-02-22,Sul,Alimentos,2104.18,1401.34,101.26,20.84,2026-02-25,2026-02-27,Entregue,702.8399999999999,601.5799999999999,28.59,4.86,3,5.0,0,Entregue com Atraso
PED-10644,2026-04-10,Norte,Alimentos,3063.69,1442.82,64.56,10.97,2026-04-24,,Em Transito,1620.8700000000001,1556.3100000000002,50.8,5.89,14,,0,Em Trânsito
PED-10645,2026-04-21,Nordeste,Vestuário,2987.96,1969.47,112.15,20.64,2026-04-30,2026-05-02,Entregue,1018.49,906.34,30.33,5.43,9,11.0,0,Entregue com Atraso
PED-10646,2026-01-27,Sul,Móveis,75.75,39.91,147.89,36.04,2026-01-31,,Cancelado,35.84,-112.04999999999998,-147.92,4.1,4,,0,Cancelado
PED-10647,2026-01-23,Sudeste,Alimentos,1263.43,672.21,36.28,3.93,2026-01-25,2026-01-25,Entregue,591.22,554.94,43.92,9.23,2,2.0,1,Entregue no Prazo
PED-10648,2026-06-10,Sul,Eletrônicos,1733.26,799.51,75.48,31.53,2026-06-24,2026-06-22,Entregue,933.75,858.27,49.52,2.39,14,12.0,1,Entregue no Prazo
PED-10649,2026-05-14,Sudeste,Móveis,2529.51,1456.67,68.56,24.87,2026-05-25,2026-05-27,Entregue,1072.8400000000001,1004.2800000000002,39.7,2.76,11,13.0,0,Entregue com Atraso
PED-10650,2026-05-30,Sudeste,Alimentos,2228.83,1254.57,42.18,6.9,2026-06-07,2026-06-13,Entregue,974.26,932.08,41.82,6.11,8,14.0,0,Entregue com Atraso
PED-10651,2026-07-02,Sul,Eletrônicos,617.75,322.4,104.62,46.37,2026-07-06,2026-07-05,Entregue,295.35,190.73000000000002,30.87,2.26,4,3.0,1,Entregue no Prazo
PED-10652,2026-04-30,Sul,Eletrônicos,2516.4,1331.06,84.63,15.67,2026-05-13,,Cancelado,1185.3400000000001,1100.71,43.74,5.4,13,,0,Cancelado
PED-10653,2026-07-15,Centro-Oeste,Eletrônicos,2373.3,1386.84,88.46,44.68,2026-07-29,2026-07-28,Entregue,986.4600000000003,898.0000000000002,37.84,1.98,14,13.0,1,Entregue no Prazo
PED-10654,2026-01-24,Sul,Alimentos,3486.18,2231.72,118.32,42.36,2026-01-31,,Em Transito,1254.46,1136.14,32.59,2.79,7,,0,Em Trânsito
PED-10655,2026-03-15,Nordeste,Vestuário,1217.85,489.73,142.74,34.17,2026-03-19,2026-03-19,Entregue,728.1199999999999,585.3799999999999,48.07,4.18,4,4.0,1,Entregue no Prazo
PED-10656,2026-02-17,Nordeste,Ferramentas,2197.79,1082.8,91.75,18.75,2026-02-25,,Cancelado,1114.99,1023.24,46.56,4.89,8,,0,Cancelado
PED-10657,2026-04-16,Sul,Alimentos,1719.38,1150.71,123.8,45.43,2026-04-25,2026-04-25,Entregue,568.6700000000001,444.87000000000006,25.87,2.73,9,9.0,1,Entregue no Prazo
PED-10658,2026-07-13,Centro-Oeste,Eletrônicos,3296.02,1499.25,108.56,28.59,2026-07-16,2026-07-18,Entregue,1796.77,1688.21,51.22,3.8,3,5.0,0,Entregue com Atraso
PED-10659,2026-07-07,Sul,Eletrônicos,98.35,56.07,195.37,46.65,2026-07-15,,Cancelado,42.279999999999994,-153.09,-155.66,4.19,8,,0,Cancelado
PED-10660,2026-06-22,Centro-Oeste,Ferramentas,2512.29,1621.54,146.97,33.53,2026-07-02,2026-07-08,Entregue,890.75,743.78,29.61,4.38,10,16.0,0,Entregue com Atraso
PED-10661,2026-03-08,Nordeste,Eletrônicos,644.73,426.63,131.04,30.85,2026-03-18,2026-03-18,Entregue,218.10000000000002,87.06000000000003,13.5,4.25,10,10.0,1,Entregue no Prazo
PED-10662,2026-01-22,Centro-Oeste,Eletrônicos,2822.74,1821.65,173.33,48.96,2026-01-28,2026-02-01,Entregue,1001.0899999999997,827.7599999999996,29.32,3.54,6,10.0,0,Entregue com Atraso
PED-10663,2026-01-16,Sudeste,Alimentos,1492.05,978.76,105.3,42.88,2026-01-25,,Em Transito,513.29,407.98999999999995,27.34,2.46,9,,0,Em Trânsito
PED-10664,2026-05-08,Sudeste,Ferramentas,3364.86,2257.35,101.5,34.99,2026-05-10,,Cancelado,1107.5100000000002,1006.0100000000002,29.9,2.9,2,,0,Cancelado
PED-10665,2026-01-24,Sudeste,Eletrônicos,1378.62,724.28,34.78,2.7,2026-02-01,2026-01-31,Entregue,654.3399999999999,619.56,44.94,12.88,8,7.0,1,Entregue no Prazo
PED-10666,2026-03-20,Nordeste,Eletrônicos,2860.46,1947.54,110.26,25.92,2026-03-22,2026-03-22,Entregue,912.9200000000001,802.6600000000001,28.06,4.25,2,2.0,1,Entregue no Prazo
PED-10667,2026-07-03,Centro-Oeste,Móveis,1741.58,1139.06,203.9,41.68,2026-07-06,2026-07-04,Entregue,602.52,398.62,22.89,4.89,3,1.0,1,Entregue no Prazo
PED-10668,2026-01-19,Sul,Vestuário,2135.78,1192.47,138.23,28.09,2026-01-30,2026-02-03,Entregue,943.3100000000002,805.0800000000002,37.69,4.92,11,15.0,0,Entregue com Atraso
PED-10669,2026-07-08,Centro-Oeste,Eletrônicos,171.3,85.13,89.16,27.43,2026-07-17,,Em Transito,86.17000000000002,-2.9899999999999807,-1.75,3.25,9,,0,Em Trânsito
PED-10670,2026-06-20,Norte,Eletrônicos,686.3,376.95,61.79,14.16,2026-06-30,2026-07-06,Entregue,309.34999999999997,247.55999999999997,36.07,4.36,10,16.0,0,Entregue com Atraso
PED-10671,2026-01-03,Norte,Eletrônicos,2543.55,1738.75,123.63,45.9,2026-01-17,2026-01-23,Entregue,804.8000000000002,681.1700000000002,26.78,2.69,14,20.0,0,Entregue com Atraso
PED-10672,2026-02-15,Sudeste,Vestuário,3175.4,1390.8,30.23,9.34,2026-02-24,,Em Transito,1784.6000000000001,1754.3700000000001,55.25,3.24,9,,0,Em Trânsito
PED-10673,2026-04-19,Sul,Eletrônicos,1159.29,475.77,53.42,6.8,2026-04-25,2026-05-01,Entregue,683.52,630.1,54.35,7.86,6,12.0,0,Entregue com Atraso
PED-10674,2026-05-28,Sudeste,Vestuário,747.18,323.55,75.01,19.48,2026-06-09,2026-06-11,Entregue,423.62999999999994,348.61999999999995,46.66,3.85,12,14.0,0,Entregue com Atraso
PED-10675,2026-05-20,Sul,Ferramentas,742.46,493.03,36.55,10.15,2026-06-02,2026-06-02,Entregue,249.43000000000006,212.88000000000005,28.67,3.6,13,13.0,1,Entregue no Prazo
PED-10676,2026-02-19,Sul,Móveis,1888.32,1022.33,116.09,49.06,2026-02-28,,Cancelado,865.9899999999999,749.8999999999999,39.71,2.37,9,,0,Cancelado
PED-10677,2026-02-19,Sudeste,Vestuário,3477.84,1573.6,88.96188596491228,33.8,2026-02-23,,Cancelado,1904.2400000000002,1815.278114035088,52.2,2.63,4,,0,Cancelado
PED-10678,2026-03-16,Nordeste,Ferramentas,2622.42,1832.25,153.13,33.45,2026-03-22,,Em Transito,790.1700000000001,637.0400000000001,24.29,4.58,6,,0,Em Trânsito
PED-10679,2026-05-31,Centro-Oeste,Ferramentas,928.59,507.65,87.34,20.67,2026-06-04,2026-06-04,Entregue,420.94000000000005,333.6,35.93,4.23,4,4.0,1,Entregue no Prazo
PED-10680,2026-07-19,Sul,Eletrônicos,238.06,154.96,99.71,25.84,2026-07-26,2026-07-26,Entregue,83.1,-16.61,-6.98,3.86,7,7.0,1,Entregue no Prazo
PED-10681,2026-05-23,Centro-Oeste,Eletrônicos,1771.92,767.32,50.63,19.78,2026-05-25,2026-05-29,Entregue,1004.6,953.97,53.84,2.56,2,6.0,0,Entregue com Atraso
PED-10682,2026-04-30,Sudeste,Vestuário,2253.42,996.85,184.36,46.07,2026-05-13,2026-05-17,Entregue,1256.5700000000002,1072.21,47.58,4.0,13,17.0,0,Entregue com Atraso
PED-10683,2026-06-11,Sul,Móveis,361.95,247.7,74.93,13.3,2026-06-14,2026-06-18,Entregue,114.25,39.31999999999999,10.86,5.63,3,7.0,0,Entregue com Atraso
PED-10684,2026-02-22,Norte,Vestuário,3264.22,1408.35,70.09,13.76,2026-03-03,2026-03-09,Entregue,1855.87,1785.78,54.71,5.09,9,15.0,0,Entregue com Atraso
PED-10685,2026-06-17,Norte,Alimentos,212.93,96.44,182.96,47.82,2026-06-28,2026-07-04,Entregue,116.49000000000001,-66.47,-31.22,3.83,11,17.0,0,Entregue com Atraso
PED-10686,2026-03-08,Norte,Móveis,3403.67,1523.99,103.8,18.03,2026-03-17,2026-03-19,Entregue,1879.68,1775.88,52.18,5.76,9,11.0,0,Entregue com Atraso
PED-10687,2026-04-20,Sudeste,Móveis,2565.78,1411.4,106.33,21.05,2026-04-30,,Cancelado,1154.38,1048.0500000000002,40.85,5.05,10,,0,Cancelado
PED-10688,2026-04-18,Nordeste,Vestuário,3126.96,1520.17,75.05,16.72,2026-04-29,,Em Transito,1606.79,1531.74,48.98,4.49,11,,0,Em Trânsito
PED-10689,2026-05-03,Nordeste,Móveis,1681.82,934.93,43.68,9.93,2026-05-06,2026-05-05,Entregue,746.89,703.21,41.81,4.4,3,2.0,1,Entregue no Prazo
PED-10690,2026-06-17,Norte,Ferramentas,3296.04,1981.78,171.91,33.39,2026-07-01,2026-06-30,Entregue,1314.26,1142.35,34.66,5.15,14,13.0,1,Entregue no Prazo
PED-10691,2026-07-07,Nordeste,Alimentos,1917.15,1229.2,75.9,25.69,2026-07-09,2026-07-09,Entregue,687.95,612.0500000000001,31.92,2.95,2,2.0,1,Entregue no Prazo
PED-10692,2026-07-16,Nordeste,Eletrônicos,343.75,168.74,191.26,37.36,2026-07-19,,Cancelado,175.01,-16.25,-4.73,5.12,3,,0,Cancelado
PED-10693,2026-03-08,Norte,Móveis,1124.72,714.06,65.93,22.41,2026-03-20,2026-03-18,Entregue,410.6600000000001,344.7300000000001,30.65,2.94,12,10.0,1,Entregue no Prazo
PED-10694,2026-06-14,Sul,Alimentos,1317.32,734.78,165.73,40.54,2026-06-16,2026-06-16,Entregue,582.54,416.80999999999995,31.64,4.09,2,2.0,1,Entregue no Prazo
PED-10695,2026-02-02,Norte,Eletrônicos,2546.19,1459.36,95.54,32.56,2026-02-13,2026-02-19,Entregue,1086.8300000000002,991.2900000000002,38.93,2.93,11,17.0,0,Entregue com Atraso
PED-10696,2026-02-15,Sudeste,Eletrônicos,3330.07,1740.33,122.43,23.6,2026-02-25,2026-02-23,Entregue,1589.7400000000002,1467.3100000000002,44.06,5.19,10,8.0,1,Entregue no Prazo
PED-10697,2026-06-13,Centro-Oeste,Móveis,375.67,164.44,111.56,21.01,2026-06-20,,Em Transito,211.23000000000002,99.67000000000002,26.53,5.31,7,,0,Em Trânsito
PED-10698,2026-02-04,Centro-Oeste,Alimentos,2295.85,1486.23,115.96,21.18,2026-02-12,,Cancelado,809.6199999999999,693.6599999999999,30.21,5.47,8,,0,Cancelado
PED-10699,2026-04-03,Sul,Alimentos,84.89,37.75,181.94,38.91,2026-04-14,2026-04-20,Entregue,47.14,-134.8,-158.79,4.68,11,17.0,0,Entregue com Atraso
PED-10700,2026-04-29,Norte,Eletrônicos,1656.75,782.11,98.15,23.76,2026-05-13,2026-05-17,Entregue,874.64,776.49,46.87,4.13,14,18.0,0,Entregue com Atraso
PED-10701,2026-05-20,Centro-Oeste,Eletrônicos,714.78,415.94,145.99,34.03,2026-05-30,,Cancelado,298.84,152.84999999999997,21.38,4.29,10,,0,Cancelado
PED-10702,2026-05-02,Sul,Ferramentas,649.17,394.08,97.23,32.46,2026-05-10,2026-05-12,Entregue,255.08999999999997,157.85999999999996,24.32,3.0,8,10.0,0,Entregue com Atraso
PED-10703,2026-05-06,Nordeste,Alimentos,2638.05,1603.99,225.35,49.54,2026-05-18,,Em Transito,1034.0600000000002,808.7100000000002,30.66,4.55,12,,0,Em Trânsito
PED-10704,2026-05-03,Centro-Oeste,Móveis,3063.1,1280.16,131.64,44.49,2026-05-12,,Cancelado,1782.9399999999998,1651.2999999999997,53.91,2.96,9,,0,Cancelado
PED-10705,2026-06-08,Norte,Alimentos,3005.17,1559.13,64.33,10.36,2026-06-19,,Em Transito,1446.04,1381.71,45.98,6.21,11,,0,Em Trânsito
PED-10706,2026-01-06,Sudeste,Alimentos,1655.21,691.0,83.88,13.48,2026-01-13,2026-01-13,Entregue,964.21,880.33,53.19,6.22,7,7.0,1,Entregue no Prazo
PED-10707,2026-04-06,Sudeste,Alimentos,2539.0,1732.57,190.03,44.14,2026-04-19,,Cancelado,806.4300000000001,616.4000000000001,24.28,4.31,13,,0,Cancelado
PED-10708,2026-05-13,Nordeste,Móveis,485.17,271.14,43.97,13.81,2026-05-22,2026-05-22,Entregue,214.03000000000003,170.06000000000003,35.05,3.18,9,9.0,1,Entregue no Prazo
PED-10709,2026-06-27,Sudeste,Vestuário,2197.2,1162.97,84.89,14.76,2026-07-10,2026-07-09,Entregue,1034.2299999999998,949.3399999999998,43.21,5.75,13,12.0,1,Entregue no Prazo
PED-10710,2026-03-03,Nordeste,Ferramentas,1449.71,597.75,102.37,17.69,2026-03-16,,Em Transito,851.96,749.59,51.71,5.79,13,,0,Em Trânsito
PED-10711,2026-04-09,Norte,Móveis,2989.29,1515.52,63.84,13.44,2026-04-11,,Em Transito,1473.77,1409.93,47.17,4.75,2,,0,Em Trânsito
PED-10712,2026-01-11,Sul,Eletrônicos,2513.15,1702.4,70.93,26.1,2026-01-20,,Em Transito,810.75,739.8199999999999,29.44,2.72,9,,0,Em Trânsito
PED-10713,2026-03-23,Centro-Oeste,Vestuário,1450.05,1002.18,34.55,6.06,2026-03-26,,Em Transito,447.87,413.32,28.5,5.7,3,,0,Em Trânsito
PED-10714,2026-06-26,Nordeste,Alimentos,277.0,169.47,62.62,12.29,2026-06-28,,Em Transito,107.53,44.910000000000004,16.21,5.1,2,,0,Em Trânsito
PED-10715,2026-02-24,Nordeste,Móveis,2742.63,1262.58,33.98,4.46,2026-03-07,2026-03-13,Entregue,1480.0500000000002,1446.0700000000002,52.73,7.62,11,17.0,0,Entregue com Atraso
PED-10716,2026-07-04,Centro-Oeste,Vestuário,2406.96,1000.57,96.67,39.25,2026-07-17,2026-07-19,Entregue,1406.3899999999999,1309.7199999999998,54.41,2.46,13,15.0,0,Entregue com Atraso
PED-10717,2026-07-09,Centro-Oeste,Móveis,772.49,433.46,185.52,36.99,2026-07-14,2026-07-13,Entregue,339.03000000000003,153.51000000000002,19.87,5.02,5,4.0,1,Entregue no Prazo
PED-10718,2026-02-06,Nordeste,Ferramentas,135.62,88.23,86.85,18.59,2026-02-20,,Cancelado,47.39,-39.459999999999994,-29.1,4.67,14,,0,Cancelado
PED-10719,2026-07-17,Centro-Oeste,Móveis,310.17,147.36,145.01,33.63,2026-07-31,2026-08-02,Entregue,162.81,17.80000000000001,5.74,4.31,14,16.0,0,Entregue com Atraso
PED-10720,2026-03-11,Nordeste,Eletrônicos,3387.28,1627.86,88.07,24.99,2026-03-21,2026-03-19,Entregue,1759.4200000000003,1671.3500000000004,49.34,3.52,10,8.0,1,Entregue no Prazo
PED-10721,2026-04-02,Sul,Eletrônicos,1144.65,623.96,72.2,15.08,2026-04-06,2026-04-12,Entregue,520.69,448.49000000000007,39.18,4.79,4,10.0,0,Entregue com Atraso
PED-10722,2026-07-02,Centro-Oeste,Alimentos,3345.35,1579.16,72.07,16.51,2026-07-12,2026-07-14,Entregue,1766.1899999999998,1694.12,50.64,4.37,10,12.0,0,Entregue com Atraso
PED-10723,2026-01-06,Norte,Ferramentas,1982.4,1022.8,74.24,21.3,2026-01-14,,Em Transito,959.6000000000001,885.3600000000001,44.66,3.49,8,,0,Em Trânsito
PED-10724,2026-03-22,Centro-Oeste,Alimentos,1347.99,913.5,106.19,25.4,2026-03-26,2026-03-25,Entregue,434.49,328.3,24.35,4.18,4,3.0,1,Entregue no Prazo
PED-10725,2026-05-30,Nordeste,Vestuário,2530.62,1230.12,77.27,12.87,2026-06-09,2026-06-09,Entregue,1300.5,1223.23,48.34,6.0,10,10.0,1,Entregue no Prazo
PED-10726,2026-02-17,Norte,Alimentos,2703.42,1812.84,84.83,22.59,2026-02-23,2026-02-25,Entregue,890.5800000000002,805.7500000000001,29.8,3.76,6,8.0,0,Entregue com Atraso
PED-10727,2026-05-01,Sudeste,Móveis,941.45,607.78,210.29,45.03,2026-05-14,2026-05-16,Entregue,333.6700000000001,123.38000000000008,13.11,4.67,13,15.0,0,Entregue com Atraso
PED-10728,2026-02-06,Nordeste,Móveis,2563.3,1178.86,52.86,18.88,2026-02-17,2026-02-21,Entregue,1384.4400000000003,1331.5800000000004,51.95,2.8,11,15.0,0,Entregue com Atraso
PED-10729,2026-04-16,Nordeste,Alimentos,3405.78,1654.37,32.71,4.02,2026-04-29,2026-04-28,Entregue,1751.4100000000003,1718.7000000000003,50.46,8.14,13,12.0,1,Entregue no Prazo
PED-10730,2026-02-21,Nordeste,Ferramentas,1860.12,1100.84,49.26,17.23,2026-03-01,,Cancelado,759.28,710.02,38.17,2.86,8,,0,Cancelado
PED-10731,2026-01-15,Sul,Vestuário,1756.36,1173.99,64.3,13.75,2026-01-29,,Em Transito,582.3699999999999,518.0699999999999,29.5,4.68,14,,0,Em Trânsito
PED-10732,2026-02-26,Sudeste,Móveis,356.27,234.96,73.74,16.37,2026-03-07,2026-03-11,Entregue,121.30999999999997,47.56999999999998,13.35,4.5,9,13.0,0,Entregue com Atraso
PED-10733,2026-03-12,Sudeste,Ferramentas,1071.81,612.74,111.52,22.37,2026-03-15,,Cancelado,459.06999999999994,347.54999999999995,32.43,4.99,3,,0,Cancelado
PED-10734,2026-03-29,Norte,Alimentos,2618.33,1166.71,26.83,6.95,2026-03-31,,Em Transito,1451.62,1424.79,54.42,3.86,2,,0,Em Trânsito
PED-10735,2026-04-05,Centro-Oeste,Ferramentas,923.54,523.27,61.68,26.62,2026-04-07,2026-04-07,Entregue,400.27,338.59,36.66,2.32,2,2.0,1,Entregue no Prazo
PED-10736,2026-03-22,Sudeste,Móveis,1263.4,711.35,32.76,4.1,2026-04-03,2026-04-03,Entregue,552.0500000000001,519.2900000000001,41.1,7.99,12,12.0,1,Entregue no Prazo
PED-10737,2026-04-16,Sudeste,Eletrônicos,2020.68,1260.14,90.37,19.26,2026-04-26,2026-04-24,Entregue,760.54,670.17,33.17,4.69,10,8.0,1,Entregue no Prazo
PED-10738,2026-04-10,Norte,Ferramentas,389.99,183.15,109.49,35.59,2026-04-23,2026-04-25,Entregue,206.84,97.35000000000001,24.96,3.08,13,15.0,0,Entregue com Atraso
PED-10739,2026-05-06,Centro-Oeste,Eletrônicos,3109.6,2073.04,105.77,37.41,2026-05-20,2026-05-21,Entregue,1036.56,930.79,29.93,2.83,14,15.0,0,Entregue com Atraso
PED-10740,2026-06-10,Sudeste,Alimentos,64.17,25.88,97.96,21.12,2026-06-19,,Em Transito,38.290000000000006,-59.66999999999999,-92.99,4.64,9,,0,Em Trânsito
PED-10741,2026-05-26,Centro-Oeste,Vestuário,1574.58,697.31,158.08,38.33,2026-06-05,,Em Transito,877.27,719.1899999999999,45.68,4.12,10,,0,Em Trânsito
PED-10742,2026-05-18,Nordeste,Móveis,2393.14,1010.44,138.44,49.65,2026-05-28,,Cancelado,1382.6999999999998,1244.2599999999998,51.99,2.79,10,,0,Cancelado
PED-10743,2026-02-10,Norte,Eletrônicos,655.75,297.23,99.35,45.8,2026-02-20,,Em Transito,358.52,259.16999999999996,39.52,2.17,10,,0,Em Trânsito
PED-10744,2026-07-07,Centro-Oeste,Móveis,2785.3,1870.96,218.66,48.77,2026-07-12,,Cancelado,914.3400000000001,695.6800000000002,24.98,4.48,5,,0,Cancelado
PED-10745,2026-02-17,Centro-Oeste,Alimentos,2833.07,1175.61,116.65,30.37,2026-02-21,2026-02-21,Entregue,1657.4600000000003,1540.8100000000002,54.39,3.84,4,4.0,1,Entregue no Prazo
PED-10746,2026-04-16,Sudeste,Eletrônicos,1712.56,943.52,95.34,16.14,2026-04-30,,Em Transito,769.04,673.6999999999999,39.34,5.91,14,,0,Em Trânsito
PED-10747,2026-05-04,Nordeste,Móveis,1465.51,732.59,35.13,6.69,2026-05-18,2026-05-18,Entregue,732.92,697.79,47.61,5.25,14,14.0,1,Entregue no Prazo
PED-10748,2026-01-23,Centro-Oeste,Vestuário,560.81,240.93,116.47,29.2,2026-02-05,2026-02-05,Entregue,319.87999999999994,203.40999999999994,36.27,3.99,13,13.0,1,Entregue no Prazo
PED-10749,2026-03-22,Nordeste,Móveis,2893.72,1647.84,57.01,9.39,2026-03-29,2026-03-29,Entregue,1245.8799999999999,1188.87,41.08,6.07,7,7.0,1,Entregue no Prazo
PED-10750,2026-05-09,Norte,Alimentos,3267.14,2149.29,138.57,35.63,2026-05-17,,Em Transito,1117.85,979.28,29.97,3.89,8,,0,Em Trânsito
PED-10751,2026-04-04,Sudeste,Móveis,256.74,142.56,42.84,6.66,2026-04-06,,Cancelado,114.18,71.34,27.79,6.43,2,,0,Cancelado
PED-10752,2026-01-15,Centro-Oeste,Alimentos,3218.9,2160.64,41.24,8.25,2026-01-22,2026-01-22,Entregue,1058.2600000000002,1017.0200000000002,31.6,5.0,7,7.0,1,Entregue no Prazo
PED-10753,2026-03-23,Nordeste,Móveis,467.99,199.19,151.56,45.52,2026-03-27,2026-03-29,Entregue,268.8,117.24000000000001,25.05,3.33,4,6.0,0,Entregue com Atraso
PED-10754,2026-03-19,Norte,Móveis,1540.12,794.44,108.53,34.65,2026-03-23,2026-03-24,Entregue,745.6799999999998,637.1499999999999,41.37,3.13,4,5.0,0,Entregue com Atraso
PED-10755,2026-06-07,Nordeste,Vestuário,2236.92,943.02,119.94,45.5,2026-06-11,2026-06-17,Entregue,1293.9,1173.96,52.48,2.64,4,10.0,0,Entregue com Atraso
PED-10756,2026-03-07,Sudeste,Eletrônicos,3355.03,1848.36,30.4,4.6,2026-03-13,2026-03-17,Entregue,1506.6700000000003,1476.2700000000002,44.0,6.61,6,10.0,0,Entregue com Atraso
PED-10757,2026-04-06,Sudeste,Alimentos,152.78,61.56,34.52,4.22,2026-04-11,2026-04-12,Entregue,91.22,56.699999999999996,37.11,8.18,5,6.0,0,Entregue com Atraso
PED-10758,2026-06-12,Sudeste,Vestuário,1639.01,1098.51,97.7,46.54,2026-06-15,2026-06-16,Entregue,540.5,442.8,27.02,2.1,3,4.0,0,Entregue com Atraso
PED-10759,2026-07-05,Sudeste,Eletrônicos,842.52,387.45,31.24,2.37,2026-07-09,2026-07-10,Entregue,455.07,423.83,50.31,13.18,4,5.0,0,Entregue com Atraso
PED-10760,2026-01-09,Centro-Oeste,Alimentos,3423.6,1575.44,57.66,11.16,2026-01-21,,Em Transito,1848.1599999999999,1790.4999999999998,52.3,5.17,12,,0,Em Trânsito
PED-10761,2026-06-17,Norte,Vestuário,775.45,441.83,106.88,30.97,2026-07-01,,Cancelado,333.62000000000006,226.74000000000007,29.24,3.45,14,,0,Cancelado
PED-10762,2026-03-18,Sudeste,Móveis,372.64,196.8,43.34,6.87,2026-03-22,2026-03-22,Entregue,175.83999999999997,132.49999999999997,35.56,6.31,4,4.0,1,Entregue no Prazo
PED-10763,2026-02-27,Nordeste,Eletrônicos,1905.01,764.7,22.36,4.08,2026-03-01,2026-03-05,Entregue,1140.31,1117.95,58.68,5.48,2,6.0,0,Entregue com Atraso
PED-10764,2026-02-16,Sudeste,Eletrônicos,1684.52,899.59,23.01,0.85,2026-03-01,,Em Transito,784.93,761.92,45.23,27.07,13,,0,Em Trânsito
PED-10765,2026-06-26,Sul,Eletrônicos,1883.12,979.06,116.52,47.71,2026-06-29,,Em Transito,904.06,787.54,41.82,2.44,3,,0,Em Trânsito
PED-10766,2026-02-14,Norte,Móveis,2125.82,889.03,96.82733333333333,20.96,2026-02-21,,Em Transito,1236.7900000000002,1139.9626666666668,53.62,4.62,7,,0,Em Trânsito
PED-10767,2026-02-21,Nordeste,Vestuário,719.74,403.76,131.29,46.77,2026-03-03,2026-03-09,Entregue,315.98,184.69000000000003,25.66,2.81,10,16.0,0,Entregue com Atraso
PED-10768,2026-03-30,Centro-Oeste,Alimentos,2817.6,1421.84,136.23,34.85,2026-04-06,,Em Transito,1395.76,1259.53,44.7,3.91,7,,0,Em Trânsito
PED-10769,2026-03-08,Sudeste,Eletrônicos,2881.9,1357.09,143.33,33.24,2026-03-20,2026-03-20,Entregue,1524.8100000000002,1381.4800000000002,47.94,4.31,12,12.0,1,Entregue no Prazo
PED-10770,2026-04-03,Sul,Ferramentas,399.4,240.75,43.79,12.81,2026-04-13,2026-04-19,Entregue,158.64999999999998,114.85999999999999,28.76,3.42,10,16.0,0,Entregue com Atraso
PED-10771,2026-01-23,Sul,Ferramentas,175.67,117.83,31.56,4.13,2026-01-28,2026-01-29,Entregue,57.83999999999999,26.27999999999999,14.96,7.64,5,6.0,0,Entregue com Atraso
PED-10772,2026-02-20,Nordeste,Ferramentas,2133.12,1168.96,28.19,2.48,2026-02-25,2026-03-01,Entregue,964.1599999999999,935.9699999999998,43.88,11.37,5,9.0,0,Entregue com Atraso
PED-10773,2026-01-10,Norte,Alimentos,2244.66,1203.73,112.06,43.24,2026-01-13,,Em Transito,1040.9299999999998,928.8699999999999,41.38,2.59,3,,0,Em Trânsito
PED-10774,2026-01-25,Norte,Ferramentas,1412.09,838.52,56.59,7.96,2026-02-04,2026-02-04,Entregue,573.5699999999999,516.9799999999999,36.61,7.11,10,10.0,1,Entregue no Prazo
PED-10775,2026-01-25,Sul,Ferramentas,1869.03,1269.0,91.18,24.45,2026-02-01,2026-01-30,Entregue,600.03,508.84999999999997,27.23,3.73,7,5.0,1,Entregue no Prazo
PED-10776,2026-03-31,Sudeste,Eletrônicos,3304.42,1837.49,114.91,34.02,2026-04-14,2026-04-18,Entregue,1466.93,1352.02,40.92,3.38,14,18.0,0,Entregue com Atraso
PED-10777,2026-04-09,Nordeste,Alimentos,117.09,81.01,59.67,11.46,2026-04-23,2026-04-23,Entregue,36.08,-23.590000000000003,-20.15,5.21,14,14.0,1,Entregue no Prazo
PED-10778,2026-04-23,Sudeste,Eletrônicos,81.05,38.69,60.05,20.64,2026-05-07,,Em Transito,42.36,-17.689999999999998,-21.83,2.91,14,,0,Em Trânsito
PED-10779,2026-03-29,Sul,Vestuário,1026.35,422.23,206.43,49.73,2026-04-08,,Em Transito,604.1199999999999,397.6899999999999,38.75,4.15,10,,0,Em Trânsito
PED-10780,2026-04-05,Norte,Móveis,2094.07,1362.55,18.09,2.66,2026-04-12,2026-04-13,Entregue,731.5200000000002,713.4300000000002,34.07,6.8,7,8.0,0,Entregue com Atraso
PED-10781,2026-06-21,Sudeste,Alimentos,1128.96,616.2,116.1,33.37,2026-07-02,,Cancelado,512.76,396.65999999999997,35.13,3.48,11,,0,Cancelado
PED-10782,2026-04-29,Sul,Móveis,2424.98,1085.27,108.18,39.49,2026-05-12,,Em Transito,1339.71,1231.53,50.79,2.74,13,,0,Em Trânsito
PED-10783,2026-05-05,Norte,Ferramentas,472.56,264.73,90.92,44.03,2026-05-16,2026-05-14,Entregue,207.82999999999998,116.90999999999998,24.74,2.06,11,9.0,1,Entregue no Prazo
PED-10784,2026-03-03,Sudeste,Vestuário,2645.56,1781.72,88.12,27.93,2026-03-11,2026-03-17,Entregue,863.8399999999999,775.7199999999999,29.32,3.16,8,14.0,0,Entregue com Atraso
PED-10785,2026-05-17,Centro-Oeste,Móveis,3312.93,1456.93,167.26,38.85,2026-05-22,2026-05-28,Entregue,1855.9999999999998,1688.7399999999998,50.97,4.31,5,11.0,0,Entregue com Atraso
PED-10786,2026-01-06,Centro-Oeste,Ferramentas,2181.46,1376.48,36.5,5.65,2026-01-12,2026-01-12,Entregue,804.98,768.48,35.23,6.46,6,6.0,1,Entregue no Prazo
PED-10787,2026-03-14,Centro-Oeste,Alimentos,2568.12,1343.85,127.98,31.65,2026-03-22,2026-03-28,Entregue,1224.27,1096.29,42.69,4.04,8,14.0,0,Entregue com Atraso
PED-10788,2026-07-06,Norte,Móveis,884.09,481.74,178.4,44.4,2026-07-10,,Cancelado,402.35,223.95000000000002,25.33,4.02,4,,0,Cancelado
PED-10789,2026-01-26,Centro-Oeste,Alimentos,2301.48,1235.5,80.69,20.19,2026-02-09,2026-02-09,Entregue,1065.98,985.29,42.81,4.0,14,14.0,1,Entregue no Prazo
PED-10790,2026-04-03,Norte,Móveis,1699.1,919.91,51.7,9.2,2026-04-13,2026-04-14,Entregue,779.1899999999999,727.4899999999999,42.82,5.62,10,11.0,0,Entregue com Atraso
PED-10791,2026-03-30,Sudeste,Eletrônicos,658.62,424.03,132.42,27.32,2026-04-09,,Cancelado,234.59000000000003,102.17000000000004,15.51,4.85,10,,0,Cancelado
PED-10792,2026-04-24,Sul,Móveis,3068.71,1303.65,121.56,45.8,2026-04-28,,Cancelado,1765.06,1643.5,53.56,2.65,4,,0,Cancelado
PED-10793,2026-01-31,Norte,Móveis,3305.26,2217.04,91.21,43.67,2026-02-14,2026-02-14,Entregue,1088.2200000000003,997.0100000000002,30.16,2.09,14,14.0,1,Entregue no Prazo
PED-10794,2026-01-17,Norte,Vestuário,1942.79,1344.45,112.91,22.21,2026-01-30,,Cancelado,598.3399999999999,485.42999999999995,24.99,5.08,13,,0,Cancelado
PED-10795,2026-03-14,Sudeste,Alimentos,2014.69,1013.29,123.06,28.3,2026-03-16,,Cancelado,1001.4000000000001,878.3400000000001,43.6,4.35,2,,0,Cancelado
PED-10796,2026-07-06,Norte,Alimentos,542.74,330.4,43.65,8.65,2026-07-16,2026-07-20,Entregue,212.34000000000003,168.69000000000003,31.08,5.05,10,14.0,0,Entregue com Atraso
PED-10797,2026-04-10,Sudeste,Vestuário,2897.83,1207.82,78.69,24.27,2026-04-21,2026-04-25,Entregue,1690.01,1611.32,55.6,3.24,11,15.0,0,Entregue com Atraso
PED-10798,2026-02-19,Sul,Móveis,1412.56,672.67,154.3,49.12,2026-03-02,,Cancelado,739.89,585.5899999999999,41.46,3.14,11,,0,Cancelado
PED-10799,2026-03-11,Nordeste,Ferramentas,1177.37,734.04,30.22,4.44,2026-03-23,2026-03-23,Entregue,443.3299999999999,413.1099999999999,35.09,6.81,12,12.0,1,Entregue no Prazo
PED-10800,2026-03-10,Sudeste,Alimentos,475.33,211.16,16.63,1.97,2026-03-21,2026-03-19,Entregue,264.16999999999996,247.53999999999996,52.08,8.44,11,9.0,1,Entregue no Prazo
PED-10801,2026-01-01,Nordeste,Eletrônicos,2017.58,839.46,35.9,7.45,2026-01-03,,Cancelado,1178.12,1142.2199999999998,56.61,4.82,2,,0,Cancelado
PED-10802,2026-06-26,Nordeste,Eletrônicos,1226.52,844.53,84.27,27.6,2026-06-28,2026-06-27,Entregue,381.99,297.72,24.27,3.05,2,1.0,1,Entregue no Prazo
PED-10803,2026-02-18,Sul,Alimentos,1254.23,865.25,113.05,40.18,2026-02-20,,Em Transito,388.98,275.93,22.0,2.81,2,,0,Em Trânsito
PED-10804,2026-02-18,Norte,Alimentos,3202.36,2081.21,48.6,15.23,2026-02-23,2026-02-22,Entregue,1121.15,1072.5500000000002,33.49,3.19,5,4.0,1,Entregue no Prazo
PED-10805,2026-06-10,Sul,Alimentos,279.1,194.48,25.53,2.44,2026-06-13,2026-06-17,Entregue,84.62000000000003,59.09000000000003,21.17,10.46,3,7.0,0,Entregue com Atraso
PED-10806,2026-05-25,Nordeste,Alimentos,2474.89,1040.45,51.26,10.09,2026-06-05,,Cancelado,1434.4399999999998,1383.1799999999998,55.89,5.08,11,,0,Cancelado
PED-10807,2026-02-15,Nordeste,Vestuário,3300.54,1833.61,64.45,17.94,2026-02-26,,Em Transito,1466.93,1402.48,42.49,3.59,11,,0,Em Trânsito
PED-10808,2026-06-08,Sul,Alimentos,1417.16,861.86,90.23,24.72,2026-06-22,2026-06-22,Entregue,555.3000000000001,465.07000000000005,32.82,3.65,14,14.0,1,Entregue no Prazo
PED-10809,2026-02-12,Sul,Vestuário,1186.16,489.48,124.5,25.07,2026-02-18,2026-02-24,Entregue,696.6800000000001,572.1800000000001,48.24,4.97,6,12.0,0,Entregue com Atraso
PED-10810,2026-06-22,Sudeste,Móveis,857.99,412.6,93.21,32.91,2026-07-04,,Cancelado,445.39,352.18,41.05,2.83,12,,0,Cancelado
PED-10811,2026-03-26,Centro-Oeste,Eletrônicos,2048.0,935.37,103.18,45.09,2026-03-29,2026-04-02,Entregue,1112.63,1009.45,49.29,2.29,3,7.0,0,Entregue com Atraso
PED-10812,2026-02-26,Nordeste,Vestuário,1301.55,618.62,128.74,34.33,2026-03-02,,Cancelado,682.93,554.1899999999999,42.58,3.75,4,,0,Cancelado
PED-10813,2026-03-02,Sudeste,Móveis,2185.33,1059.59,165.04,44.8,2026-03-14,2026-03-16,Entregue,1125.74,960.7,43.96,3.68,12,14.0,0,Entregue com Atraso
PED-10814,2026-05-06,Norte,Ferramentas,262.55,117.82,130.23,44.8,2026-05-13,2026-05-11,Entregue,144.73000000000002,14.500000000000028,5.52,2.91,7,5.0,1,Entregue no Prazo
PED-10815,2026-01-12,Centro-Oeste,Vestuário,798.01,479.51,104.54,48.55,2026-01-20,2026-01-18,Entregue,318.5,213.95999999999998,26.81,2.15,8,6.0,1,Entregue no Prazo
PED-10816,2026-02-14,Norte,Eletrônicos,2896.72,1580.38,72.44,27.4,2026-02-19,2026-02-17,Entregue,1316.3399999999997,1243.8999999999996,42.94,2.64,5,3.0,1,Entregue no Prazo
PED-10817,2026-03-10,Norte,Móveis,2303.32,1023.93,91.14,27.94,2026-03-12,,Em Transito,1279.3900000000003,1188.2500000000002,51.59,3.26,2,,0,Em Trânsito
PED-10818,2026-07-03,Sudeste,Eletrônicos,1637.35,749.96,60.62,10.91,2026-07-16,2026-07-16,Entregue,887.3899999999999,826.7699999999999,50.49,5.56,13,13.0,1,Entregue no Prazo
PED-10819,2026-03-30,Nordeste,Alimentos,489.56,289.71,34.79,4.22,2026-04-02,2026-03-31,Entregue,199.85000000000002,165.06000000000003,33.72,8.24,3,1.0,1,Entregue no Prazo
PED-10820,2026-03-26,Nordeste,Alimentos,2295.36,998.21,115.46,27.05,2026-04-05,2026-04-05,Entregue,1297.15,1181.69,51.48,4.27,10,10.0,1,Entregue no Prazo
PED-10821,2026-01-29,Norte,Vestuário,1446.24,676.21,96.82733333333333,13.23,2026-01-31,2026-02-06,Entregue,770.03,673.2026666666667,46.55,7.32,2,8.0,0,Entregue com Atraso
PED-10822,2026-04-07,Centro-Oeste,Eletrônicos,2928.78,1903.42,104.12,35.06,2026-04-09,,Cancelado,1025.3600000000001,921.2400000000001,31.45,2.97,2,,0,Cancelado
PED-10823,2026-01-31,Nordeste,Eletrônicos,1765.23,1059.53,26.39,1.13,2026-02-14,2026-02-13,Entregue,705.7,679.3100000000001,38.48,23.35,14,13.0,1,Entregue no Prazo
PED-10824,2026-03-28,Centro-Oeste,Ferramentas,2391.38,1258.51,200.82,48.09,2026-04-01,,Cancelado,1132.8700000000001,932.0500000000002,38.98,4.18,4,,0,Cancelado
PED-10825,2026-07-08,Norte,Móveis,783.91,455.51,128.92,25.43,2026-07-10,,Em Transito,328.4,199.48,25.45,5.07,2,,0,Em Trânsito
PED-10826,2026-05-12,Sudeste,Ferramentas,481.56,211.37,91.11,28.06,2026-05-23,2026-05-23,Entregue,270.19,179.07999999999998,37.19,3.25,11,11.0,1,Entregue no Prazo
PED-10827,2026-06-10,Nordeste,Alimentos,824.07,451.72,176.38,48.1,2026-06-21,2026-06-21,Entregue,372.35,195.97000000000003,23.78,3.67,11,11.0,1,Entregue no Prazo
PED-10828,2026-03-14,Sul,Alimentos,1324.37,730.71,119.13,28.24,2026-03-23,2026-03-23,Entregue,593.6599999999999,474.52999999999986,35.83,4.22,9,9.0,1,Entregue no Prazo
PED-10829,2026-05-21,Sudeste,Ferramentas,461.49,215.69,127.16,25.26,2026-05-27,,Em Transito,245.8,118.64000000000001,25.71,5.03,6,,0,Em Trânsito
PED-10830,2026-01-25,Nordeste,Eletrônicos,261.2,150.78,106.72,49.47,2026-02-05,,Cancelado,110.41999999999999,3.6999999999999886,1.42,2.16,11,,0,Cancelado
PED-10831,2026-07-15,Norte,Vestuário,413.16,236.25,85.79,25.28,2026-07-24,2026-07-24,Entregue,176.91000000000003,91.12000000000002,22.05,3.39,9,9.0,1,Entregue no Prazo
PED-10832,2026-06-22,Norte,Móveis,2884.3,1178.44,101.81,31.73,2026-06-30,2026-07-02,Entregue,1705.8600000000001,1604.0500000000002,55.61,3.21,8,10.0,0,Entregue com Atraso
PED-10833,2026-03-13,Nordeste,Alimentos,180.06,91.86,112.93,27.34,2026-03-15,2026-03-15,Entregue,88.2,-24.730000000000004,-13.73,4.13,2,2.0,1,Entregue no Prazo
PED-10834,2026-03-21,Sul,Alimentos,2583.24,1320.89,124.94,36.15,2026-03-31,2026-03-29,Entregue,1262.3499999999997,1137.4099999999996,44.03,3.46,10,8.0,1,Entregue no Prazo
PED-10835,2026-05-26,Centro-Oeste,Vestuário,2148.81,1145.97,239.93,47.23,2026-06-01,2026-05-31,Entregue,1002.8399999999999,762.9099999999999,35.5,5.08,6,5.0,1,Entregue no Prazo
PED-10836,2026-07-01,Centro-Oeste,Vestuário,848.03,526.16,78.57,15.58,2026-07-05,2026-07-04,Entregue,321.87,243.3,28.69,5.04,4,3.0,1,Entregue no Prazo
PED-10837,2026-05-26,Centro-Oeste,Eletrônicos,2974.36,1878.22,117.85,44.1,2026-06-05,2026-06-05,Entregue,1096.14,978.2900000000001,32.89,2.67,10,10.0,1,Entregue no Prazo
PED-10838,2026-02-07,Sul,Alimentos,2252.98,935.39,175.42,46.35,2026-02-19,2026-02-23,Entregue,1317.5900000000001,1142.17,50.7,3.78,12,16.0,0,Entregue com Atraso
PED-10839,2026-01-03,Sul,Eletrônicos,1821.35,1084.03,97.31026315789474,44.54,2026-01-13,2026-01-12,Entregue,737.3199999999999,640.0097368421052,35.14,2.18,10,9.0,1,Entregue no Prazo
PED-10840,2026-06-22,Nordeste,Móveis,3107.97,2024.41,168.04,44.2,2026-06-30,2026-07-02,Entregue,1083.5599999999997,915.5199999999998,29.46,3.8,8,10.0,0,Entregue com Atraso
PED-10841,2026-03-18,Nordeste,Móveis,1277.42,592.55,135.59,37.92,2026-03-20,,Em Transito,684.8700000000001,549.2800000000001,43.0,3.58,2,,0,Em Trânsito
PED-10842,2026-04-30,Sudeste,Ferramentas,3122.12,1782.06,98.91,40.69,2026-05-02,2026-05-02,Entregue,1340.06,1241.1499999999999,39.75,2.43,2,2.0,1,Entregue no Prazo
PED-10843,2026-02-10,Sul,Ferramentas,1081.59,535.36,148.12,33.73,2026-02-14,,Cancelado,546.2299999999999,398.1099999999999,36.81,4.39,4,,0,Cancelado
PED-10844,2026-03-18,Centro-Oeste,Ferramentas,1161.8,804.3,228.19,49.32,2026-03-23,2026-03-21,Entregue,357.5,129.31,11.13,4.63,5,3.0,1,Entregue no Prazo
PED-10845,2026-05-11,Sul,Alimentos,2171.42,1182.83,41.66,5.14,2026-05-19,2026-05-17,Entregue,988.5900000000001,946.9300000000002,43.61,8.11,8,6.0,1,Entregue no Prazo
PED-10846,2026-06-06,Sudeste,Alimentos,3089.81,1473.83,148.38,29.85,2026-06-08,2026-06-08,Entregue,1615.98,1467.6,47.5,4.97,2,2.0,1,Entregue no Prazo
PED-10847,2026-03-25,Centro-Oeste,Eletrônicos,394.95,161.95,126.58,28.24,2026-04-03,,Em Transito,233.0,106.42,26.95,4.48,9,,0,Em Trânsito
PED-10848,2026-02-23,Norte,Vestuário,104.69,44.76,60.62,16.67,2026-03-03,,Em Transito,59.93,-0.6899999999999977,-0.66,3.64,8,,0,Em Trânsito
PED-10849,2026-04-05,Centro-Oeste,Vestuário,2448.64,1083.87,77.57,32.17,2026-04-09,2026-04-09,Entregue,1364.77,1287.2,52.57,2.41,4,4.0,1,Entregue no Prazo
PED-10850,2026-04-22,Centro-Oeste,Móveis,532.04,228.16,101.02744680851065,21.52,2026-04-30,2026-05-04,Entregue,303.88,202.85255319148933,38.13,4.69,8,12.0,0,Entregue com Atraso
PED-10851,2026-05-17,Sudeste,Móveis,352.13,207.81,101.54,45.77,2026-05-29,2026-06-02,Entregue,144.32,42.77999999999999,12.15,2.22,12,16.0,0,Entregue com Atraso
PED-10852,2026-02-25,Sudeste,Vestuário,1648.7,955.96,44.87,8.98,2026-03-10,,Cancelado,692.74,647.87,39.3,5.0,13,,0,Cancelado
PED-10853,2026-03-17,Nordeste,Alimentos,492.25,259.71,67.12,12.74,2026-03-31,2026-03-30,Entregue,232.54000000000002,165.42000000000002,33.6,5.27,14,13.0,1,Entregue no Prazo
PED-10854,2026-01-15,Centro-Oeste,Vestuário,2510.96,1501.12,124.99,31.42,2026-01-22,2026-01-28,Entregue,1009.8400000000001,884.8500000000001,35.24,3.98,7,13.0,0,Entregue com Atraso
PED-10855,2026-07-01,Centro-Oeste,Eletrônicos,1079.99,731.29,74.4,11.88,2026-07-12,2026-07-12,Entregue,348.70000000000005,274.30000000000007,25.4,6.26,11,11.0,1,Entregue no Prazo
PED-10856,2026-05-21,Sudeste,Móveis,2232.03,1085.86,88.96188596491228,32.1,2026-05-30,2026-05-31,Entregue,1146.1700000000003,1057.208114035088,47.37,2.77,9,10.0,0,Entregue com Atraso
PED-10857,2026-05-03,Sul,Ferramentas,806.66,426.45,90.75,32.79,2026-05-08,2026-05-08,Entregue,380.21,289.46,35.88,2.77,5,5.0,1,Entregue no Prazo
PED-10858,2026-02-26,Norte,Eletrônicos,180.48,78.85,160.2,49.32,2026-03-12,,Em Transito,101.63,-58.56999999999999,-32.45,3.25,14,,0,Em Trânsito
PED-10859,2026-04-02,Sudeste,Alimentos,2963.19,1397.94,81.15,21.05,2026-04-06,,Em Transito,1565.25,1484.1,50.08,3.86,4,,0,Em Trânsito
PED-10860,2026-01-31,Centro-Oeste,Vestuário,924.55,630.69,165.9,45.34,2026-02-12,2026-02-10,Entregue,293.8599999999999,127.9599999999999,13.84,3.66,12,10.0,1,Entregue no Prazo
PED-10861,2026-02-23,Centro-Oeste,Vestuário,3005.72,2053.59,44.59,17.13,2026-03-05,,Em Transito,952.1299999999997,907.5399999999996,30.19,2.6,10,,0,Em Trânsito
PED-10862,2026-04-24,Norte,Ferramentas,596.09,319.92,97.25,30.48,2026-04-26,2026-04-26,Entregue,276.17,178.92000000000002,30.02,3.19,2,2.0,1,Entregue no Prazo
PED-10863,2026-05-10,Centro-Oeste,Vestuário,3039.17,1246.05,129.52,45.68,2026-05-20,2026-05-26,Entregue,1793.1200000000001,1663.6000000000001,54.74,2.84,10,16.0,0,Entregue com Atraso
PED-10864,2026-06-14,Sudeste,Móveis,1466.3,688.29,40.85,7.25,2026-06-26,2026-06-30,Entregue,778.01,737.16,50.27,5.63,12,16.0,0,Entregue com Atraso
PED-10865,2026-02-01,Norte,Móveis,1533.69,1066.42,93.69,15.24,2026-02-04,2026-02-06,Entregue,467.27,373.58,24.36,6.15,3,5.0,0,Entregue com Atraso
PED-10866,2026-07-13,Centro-Oeste,Móveis,1553.28,725.82,101.02744680851065,19.74,2026-07-20,2026-07-18,Entregue,827.4599999999999,726.4325531914893,46.77,5.12,7,5.0,1,Entregue no Prazo
PED-10867,2026-06-12,Sul,Móveis,1142.28,594.04,37.87,7.95,2026-06-22,2026-06-24,Entregue,548.24,510.37,44.68,4.76,10,12.0,0,Entregue com Atraso
PED-10868,2026-02-04,Norte,Ferramentas,3440.25,1788.01,60.94,21.06,2026-02-08,2026-02-06,Entregue,1652.24,1591.3,46.26,2.89,4,2.0,1,Entregue no Prazo
PED-10869,2026-03-18,Norte,Eletrônicos,3472.72,1524.89,146.41,39.91,2026-03-26,,Em Transito,1947.8299999999997,1801.4199999999996,51.87,3.67,8,,0,Em Trânsito
PED-10870,2026-02-07,Sul,Vestuário,1541.14,930.72,106.51,30.65,2026-02-17,,Cancelado,610.4200000000001,503.9100000000001,32.7,3.48,10,,0,Cancelado
PED-10871,2026-04-03,Norte,Eletrônicos,1555.04,1075.44,32.45,2.36,2026-04-11,2026-04-09,Entregue,479.5999999999999,447.1499999999999,28.75,13.75,8,6.0,1,Entregue no Prazo
PED-10872,2026-06-04,Centro-Oeste,Eletrônicos,377.59,233.52,47.45,16.54,2026-06-17,2026-06-19,Entregue,144.06999999999996,96.61999999999996,25.59,2.87,13,15.0,0,Entregue com Atraso
PED-10873,2026-07-08,Sudeste,Eletrônicos,772.89,342.8,195.53,45.27,2026-07-22,,Em Transito,430.09,234.55999999999997,30.35,4.32,14,,0,Em Trânsito
PED-10874,2026-06-06,Sudeste,Alimentos,641.32,271.72,130.96,34.82,2026-06-13,2026-06-14,Entregue,369.6,238.64000000000001,37.21,3.76,7,8.0,0,Entregue com Atraso
PED-10875,2026-04-02,Sul,Móveis,2683.41,1545.48,68.89,13.43,2026-04-10,,Em Transito,1137.9299999999998,1069.0399999999997,39.84,5.13,8,,0,Em Trânsito
PED-10876,2026-02-24,Centro-Oeste,Ferramentas,1500.16,1002.9,125.66,49.14,2026-02-28,,Cancelado,497.2600000000001,371.60000000000014,24.77,2.56,4,,0,Cancelado
PED-10877,2026-02-12,Centro-Oeste,Eletrônicos,3229.96,2025.96,102.09,36.72,2026-02-19,,Cancelado,1204.0,1101.91,34.12,2.78,7,,0,Cancelado
PED-10878,2026-01-08,Norte,Móveis,1164.6,758.96,52.84,15.23,2026-01-17,,Cancelado,405.6399999999999,352.79999999999984,30.29,3.47,9,,0,Cancelado
PED-10879,2026-05-29,Norte,Vestuário,1136.2,494.29,57.43,14.02,2026-06-02,,Em Transito,641.9100000000001,584.4800000000001,51.44,4.1,4,,0,Em Trânsito
PED-10880,2026-06-02,Sudeste,Móveis,1241.44,865.68,36.07,5.55,2026-06-10,,Em Transito,375.7600000000001,339.6900000000001,27.36,6.5,8,,0,Em Trânsito
PED-10881,2026-03-29,Sul,Móveis,2945.96,1574.47,138.51,32.02,2026-04-02,,Em Transito,1371.49,1232.98,41.85,4.33,4,,0,Em Trânsito
PED-10882,2026-07-13,Sudeste,Alimentos,3134.62,1722.04,110.48,42.17,2026-07-18,2026-07-24,Entregue,1412.58,1302.1,41.54,2.62,5,11.0,0,Entregue com Atraso
PED-10883,2026-04-11,Norte,Ferramentas,2729.12,1764.36,19.88,3.44,2026-04-24,2026-04-24,Entregue,964.76,944.88,34.62,5.78,13,13.0,1,Entregue no Prazo
PED-10884,2026-07-10,Centro-Oeste,Vestuário,986.27,647.52,51.5,17.65,2026-07-23,2026-07-21,Entregue,338.75,287.25,29.12,2.92,13,11.0,1,Entregue no Prazo
PED-10885,2026-01-15,Sul,Alimentos,2617.24,1679.58,39.24,13.93,2026-01-17,,Em Transito,937.6599999999999,898.4199999999998,34.33,2.82,2,,0,Em Trânsito
PED-10886,2026-01-25,Nordeste,Alimentos,2301.07,1454.6,79.09,18.24,2026-02-03,,Em Transito,846.4700000000003,767.3800000000002,33.35,4.34,9,,0,Em Trânsito
PED-10887,2026-02-08,Norte,Alimentos,1545.45,802.12,154.8,46.93,2026-02-17,2026-02-16,Entregue,743.33,588.53,38.08,3.3,9,8.0,1,Entregue no Prazo
PED-10888,2026-05-25,Norte,Móveis,881.03,386.75,105.2,35.91,2026-05-28,,Cancelado,494.28,389.08,44.16,2.93,3,,0,Cancelado
PED-10889,2026-07-05,Sudeste,Alimentos,2068.92,1057.06,118.92,24.56,2026-07-13,2026-07-11,Entregue,1011.8600000000001,892.9400000000002,43.16,4.84,8,6.0,1,Entregue no Prazo
PED-10890,2026-02-05,Sul,Eletrônicos,1484.42,972.46,55.31,11.87,2026-02-12,,Cancelado,511.96000000000004,456.65000000000003,30.76,4.66,7,,0,Cancelado
PED-10891,2026-01-06,Sudeste,Vestuário,1154.64,778.27,111.74,20.76,2026-01-19,2026-01-19,Entregue,376.3700000000001,264.6300000000001,22.92,5.38,13,13.0,1,Entregue no Prazo
PED-10892,2026-05-22,Nordeste,Vestuário,2814.04,1635.84,63.91,10.33,2026-06-02,,Em Transito,1178.2,1114.29,39.6,6.19,11,,0,Em Trânsito
PED-10893,2026-01-14,Sudeste,Vestuário,112.31,61.19,54.63,16.89,2026-01-17,2026-01-17,Entregue,51.120000000000005,-3.509999999999998,-3.13,3.23,3,3.0,1,Entregue no Prazo
PED-10894,2026-01-18,Centro-Oeste,Ferramentas,456.89,272.53,74.23,14.52,2026-02-01,2026-02-07,Entregue,184.36,110.13000000000001,24.1,5.11,14,20.0,0,Entregue com Atraso
PED-10895,2026-05-17,Norte,Móveis,1985.97,1077.57,118.68,39.63,2026-05-24,,Cancelado,908.4000000000001,789.72,39.76,2.99,7,,0,Cancelado
PED-10896,2026-04-03,Sul,Móveis,3070.03,1610.69,48.1,20.44,2026-04-14,2026-04-14,Entregue,1459.3400000000001,1411.2400000000002,45.97,2.35,11,11.0,1,Entregue no Prazo
PED-10897,2026-07-03,Sul,Eletrônicos,883.53,531.58,58.1,10.24,2026-07-15,2026-07-15,Entregue,351.94999999999993,293.8499999999999,33.26,5.67,12,12.0,1,Entregue no Prazo
PED-10898,2026-03-11,Sul,Vestuário,3371.61,1476.75,59.34,21.32,2026-03-21,2026-03-23,Entregue,1894.8600000000001,1835.5200000000002,54.44,2.78,10,12.0,0,Entregue com Atraso
PED-10899,2026-03-03,Sul,Ferramentas,722.04,465.58,168.12,40.23,2026-03-12,2026-03-14,Entregue,256.46,88.33999999999997,12.23,4.18,9,11.0,0,Entregue com Atraso
PED-10900,2026-05-09,Nordeste,Vestuário,512.71,213.76,111.22,43.48,2026-05-19,2026-05-19,Entregue,298.95000000000005,187.73000000000005,36.62,2.56,10,10.0,1,Entregue no Prazo
PED-10901,2026-01-12,Nordeste,Eletrônicos,3279.63,1823.63,60.64,18.56,2026-01-25,2026-01-24,Entregue,1456.0,1395.36,42.55,3.27,13,12.0,1,Entregue no Prazo
PED-10902,2026-04-28,Centro-Oeste,Ferramentas,2427.05,1383.67,165.58,34.34,2026-05-10,2026-05-08,Entregue,1043.38,877.8000000000001,36.17,4.82,12,10.0,1,Entregue no Prazo
PED-10903,2026-03-31,Nordeste,Eletrônicos,251.95,123.86,59.45,8.3,2026-04-05,,Cancelado,128.08999999999997,68.63999999999997,27.24,7.16,5,,0,Cancelado
PED-10904,2026-02-17,Norte,Móveis,1991.76,983.95,76.01,15.11,2026-02-28,,Cancelado,1007.81,931.8,46.78,5.03,11,,0,Cancelado
PED-10905,2026-01-07,Centro-Oeste,Vestuário,1229.44,553.84,91.23,29.29,2026-01-19,2026-01-20,Entregue,675.6,584.37,47.53,3.11,12,13.0,0,Entregue com Atraso
PED-10906,2026-03-29,Centro-Oeste,Eletrônicos,1168.67,506.4,51.46,22.42,2026-04-04,2026-04-04,Entregue,662.2700000000001,610.8100000000001,52.27,2.3,6,6.0,1,Entregue no Prazo
PED-10907,2026-03-22,Sudeste,Móveis,2328.33,1441.53,91.18,22.94,2026-03-28,2026-03-28,Entregue,886.8,795.6199999999999,34.17,3.97,6,6.0,1,Entregue no Prazo
PED-10908,2026-02-04,Norte,Alimentos,2820.37,1734.09,34.27,10.61,2026-02-09,2026-02-13,Entregue,1086.28,1052.01,37.3,3.23,5,9.0,0,Entregue com Atraso
PED-10909,2026-01-08,Centro-Oeste,Vestuário,2666.49,1084.18,128.48,40.94,2026-01-19,,Em Transito,1582.3099999999997,1453.8299999999997,54.52,3.14,11,,0,Em Trânsito
PED-10910,2026-03-12,Norte,Móveis,422.47,177.81,130.69,29.65,2026-03-22,,Em Transito,244.66000000000003,113.97000000000003,26.98,4.41,10,,0,Em Trânsito
PED-10911,2026-04-05,Nordeste,Eletrônicos,2150.35,975.8,71.85,11.68,2026-04-13,2026-04-15,Entregue,1174.55,1102.7,51.28,6.15,8,10.0,0,Entregue com Atraso
PED-10912,2026-05-05,Norte,Ferramentas,111.95,47.28,103.63,25.76,2026-05-16,,Em Transito,64.67,-38.959999999999994,-34.8,4.02,11,,0,Em Trânsito
PED-10913,2026-03-10,Centro-Oeste,Ferramentas,2935.53,1905.33,216.4,47.83,2026-03-17,2026-03-16,Entregue,1030.2000000000003,813.8000000000003,27.72,4.52,7,6.0,1,Entregue no Prazo
PED-10914,2026-05-17,Centro-Oeste,Alimentos,2072.42,1304.13,160.93,49.66,2026-05-21,2026-05-23,Entregue,768.29,607.3599999999999,29.31,3.24,4,6.0,0,Entregue com Atraso
PED-10915,2026-05-21,Sudeste,Móveis,3312.96,2249.36,60.61,19.38,2026-05-31,2026-05-31,Entregue,1063.6,1002.9899999999999,30.27,3.13,10,10.0,1,Entregue no Prazo
PED-10916,2026-03-13,Nordeste,Ferramentas,274.25,177.6,46.84,6.73,2026-03-26,,Cancelado,96.65,49.81,18.16,6.96,13,,0,Cancelado
PED-10917,2026-03-03,Centro-Oeste,Ferramentas,1539.73,978.87,93.25,23.39,2026-03-12,2026-03-10,Entregue,560.86,467.61,30.37,3.99,9,7.0,1,Entregue no Prazo
PED-10918,2026-04-17,Norte,Ferramentas,670.3,362.18,211.26,48.42,2026-04-24,,Em Transito,308.11999999999995,96.85999999999996,14.45,4.36,7,,0,Em Trânsito
PED-10919,2026-02-22,Sul,Alimentos,2990.91,1688.43,42.79,10.27,2026-03-01,2026-03-07,Entregue,1302.4799999999998,1259.6899999999998,42.12,4.17,7,13.0,0,Entregue com Atraso
PED-10920,2026-03-30,Nordeste,Eletrônicos,1298.11,523.27,165.97,31.5,2026-04-04,2026-04-05,Entregue,774.8399999999999,608.8699999999999,46.9,5.27,5,6.0,0,Entregue com Atraso
PED-10921,2026-03-12,Sul,Eletrônicos,1692.4,1026.9,94.89,30.58,2026-03-15,2026-03-14,Entregue,665.5,570.61,33.72,3.1,3,2.0,1,Entregue no Prazo
PED-10922,2026-01-27,Sul,Vestuário,1826.5,824.12,164.11,33.31,2026-02-09,2026-02-10,Entregue,1002.38,838.27,45.89,4.93,13,14.0,0,Entregue com Atraso
PED-10923,2026-01-25,Norte,Vestuário,3349.05,2109.94,109.57,48.49,2026-01-29,,Em Transito,1239.1100000000001,1129.5400000000002,33.73,2.26,4,,0,Em Trânsito
PED-10924,2026-06-13,Sul,Ferramentas,3011.39,2068.98,118.91,25.2,2026-06-24,,Cancelado,942.4099999999999,823.4999999999999,27.35,4.72,11,,0,Cancelado
PED-10925,2026-06-06,Norte,Ferramentas,883.2,488.34,102.78,19.31,2026-06-08,,Em Transito,394.86000000000007,292.08000000000004,33.07,5.32,2,,0,Em Trânsito
PED-10926,2026-03-01,Sudeste,Alimentos,3112.65,1542.18,48.07,8.72,2026-03-11,2026-03-11,Entregue,1570.47,1522.4,48.91,5.51,10,10.0,1,Entregue no Prazo
PED-10927,2026-01-26,Sul,Móveis,1116.97,485.95,125.15,49.3,2026-01-28,,Cancelado,631.02,505.87,45.29,2.54,2,,0,Cancelado
PED-10928,2026-01-08,Nordeste,Alimentos,901.28,482.21,19.79,1.6,2026-01-20,,Em Transito,419.07,399.28,44.3,12.37,12,,0,Em Trânsito
PED-10929,2026-02-14,Nordeste,Alimentos,1485.95,674.47,134.15,34.61,2026-02-23,2026-02-22,Entregue,811.48,677.33,45.58,3.88,9,8.0,1,Entregue no Prazo
PED-10930,2026-05-07,Sul,Ferramentas,3310.2,1464.71,144.22,32.32,2026-05-11,2026-05-15,Entregue,1845.4899999999998,1701.2699999999998,51.39,4.46,4,8.0,0,Entregue com Atraso
PED-10931,2026-02-09,Nordeste,Vestuário,3338.95,1436.84,37.37,15.79,2026-02-13,2026-02-12,Entregue,1902.11,1864.74,55.85,2.37,4,3.0,1,Entregue no Prazo
PED-10932,2026-07-11,Sul,Ferramentas,2386.02,1328.47,74.13,39.21,2026-07-19,,Cancelado,1057.55,983.42,41.22,1.89,8,,0,Cancelado
PED-10933,2026-01-09,Norte,Ferramentas,172.76,76.19,163.33,38.32,2026-01-19,2026-01-19,Entregue,96.57,-66.76000000000002,-38.64,4.26,10,10.0,1,Entregue no Prazo
PED-10934,2026-06-17,Centro-Oeste,Ferramentas,3042.8,1479.61,43.03,16.99,2026-06-26,,Cancelado,1563.1900000000003,1520.1600000000003,49.96,2.53,9,,0,Cancelado
PED-10935,2026-01-03,Norte,Vestuário,1117.17,540.92,94.93,48.63,2026-01-17,2026-01-18,Entregue,576.2500000000001,481.3200000000001,43.08,1.95,14,15.0,0,Entregue com Atraso
PED-10936,2026-05-30,Centro-Oeste,Eletrônicos,690.06,410.93,87.87,35.77,2026-06-10,,Cancelado,279.12999999999994,191.25999999999993,27.72,2.46,11,,0,Cancelado
PED-10937,2026-01-21,Sudeste,Vestuário,1627.74,1064.31,91.91,22.89,2026-01-29,,Cancelado,563.4300000000001,471.5200000000001,28.97,4.02,8,,0,Cancelado
PED-10938,2026-01-08,Nordeste,Vestuário,2745.68,1658.43,103.41,31.94,2026-01-16,,Cancelado,1087.2499999999998,983.8399999999998,35.83,3.24,8,,0,Cancelado
PED-10939,2026-02-06,Nordeste,Móveis,1167.44,514.7,168.22,44.43,2026-02-11,2026-02-09,Entregue,652.74,484.52,41.5,3.79,5,3.0,1,Entregue no Prazo
PED-10940,2026-01-30,Sul,Alimentos,1822.04,1167.77,62.25,19.0,2026-02-12,,Cancelado,654.27,592.02,32.49,3.28,13,,0,Cancelado
PED-10941,2026-04-17,Nordeste,Ferramentas,626.34,437.09,134.83,28.37,2026-04-28,,Em Transito,189.25000000000006,54.420000000000044,8.69,4.75,11,,0,Em Trânsito
PED-10942,2026-02-22,Norte,Eletrônicos,2313.7,1537.58,132.38,24.52,2026-03-02,,Cancelado,776.1199999999999,643.7399999999999,27.82,5.4,8,,0,Cancelado
PED-10943,2026-03-21,Nordeste,Alimentos,735.34,356.06,117.75,49.97,2026-03-28,2026-03-28,Entregue,379.28000000000003,261.53000000000003,35.57,2.36,7,7.0,1,Entregue no Prazo
PED-10944,2026-06-05,Sudeste,Móveis,2701.05,1797.56,72.52,11.47,2026-06-07,2026-06-09,Entregue,903.4900000000002,830.9700000000003,30.76,6.32,2,4.0,0,Entregue com Atraso
PED-10945,2026-03-10,Sul,Vestuário,550.36,341.8,68.76,30.27,2026-03-24,2026-03-24,Entregue,208.56,139.8,25.4,2.27,14,14.0,1,Entregue no Prazo
PED-10946,2026-03-06,Sul,Móveis,1764.96,1104.59,144.84,41.25,2026-03-15,,Em Transito,660.3700000000001,515.5300000000001,29.21,3.51,9,,0,Em Trânsito
PED-10947,2026-05-03,Nordeste,Eletrônicos,584.11,298.42,45.21,16.8,2026-05-09,2026-05-08,Entregue,285.69,240.48,41.17,2.69,6,5.0,1,Entregue no Prazo
PED-10948,2026-03-13,Norte,Móveis,387.09,156.58,37.33,8.47,2026-03-15,,Em Transito,230.50999999999996,193.17999999999995,49.91,4.41,2,,0,Em Trânsito
PED-10949,2026-04-25,Sudeste,Alimentos,2927.68,1873.51,76.43,17.6,2026-05-06,2026-05-07,Entregue,1054.1699999999998,977.7399999999998,33.4,4.34,11,12.0,0,Entregue com Atraso
PED-10950,2026-06-10,Centro-Oeste,Vestuário,2840.97,1818.53,79.67,23.12,2026-06-22,2026-06-26,Entregue,1022.4399999999998,942.7699999999999,33.18,3.45,12,16.0,0,Entregue com Atraso
PED-10951,2026-01-13,Nordeste,Eletrônicos,1762.58,866.84,149.38,46.4,2026-01-15,,Em Transito,895.7399999999999,746.3599999999999,42.34,3.22,2,,0,Em Trânsito
PED-10952,2026-02-13,Sul,Móveis,835.84,480.74,72.85,18.89,2026-02-27,,Em Transito,355.1,282.25,33.77,3.86,14,,0,Em Trânsito
PED-10953,2026-05-24,Sudeste,Ferramentas,1723.71,1193.04,33.13,0.91,2026-05-30,,Em Transito,530.6700000000001,497.5400000000001,28.86,36.41,6,,0,Em Trânsito
PED-10954,2026-07-14,Centro-Oeste,Móveis,2847.02,1947.79,28.66,7.23,2026-07-19,2026-07-19,Entregue,899.23,870.57,30.58,3.96,5,5.0,1,Entregue no Prazo
PED-10955,2026-03-15,Sul,Alimentos,561.99,292.04,229.61,45.27,2026-03-29,,Cancelado,269.95,40.339999999999975,7.18,5.07,14,,0,Cancelado
PED-10956,2026-05-25,Sudeste,Alimentos,1487.24,884.25,67.21,15.82,2026-06-02,2026-05-31,Entregue,602.99,535.78,36.03,4.25,8,6.0,1,Entregue no Prazo
PED-10957,2026-05-20,Sudeste,Vestuário,1061.39,426.44,99.39,19.12,2026-05-28,,Em Transito,634.95,535.5600000000001,50.46,5.2,8,,0,Em Trânsito
PED-10958,2026-04-02,Nordeste,Móveis,2214.9,1407.18,164.69,32.58,2026-04-15,,Cancelado,807.72,643.03,29.03,5.05,13,,0,Cancelado
PED-10959,2026-03-27,Sul,Ferramentas,2830.6,1378.08,155.18,33.37,2026-04-02,2026-04-02,Entregue,1452.52,1297.34,45.83,4.65,6,6.0,1,Entregue no Prazo
PED-10960,2026-06-14,Nordeste,Alimentos,1130.72,707.94,67.99,11.39,2026-06-16,,Em Transito,422.78,354.78999999999996,31.38,5.97,2,,0,Em Trânsito
PED-10961,2026-06-26,Norte,Móveis,1030.16,466.48,128.74,37.29,2026-07-05,,Em Transito,563.6800000000001,434.94000000000005,42.22,3.45,9,,0,Em Trânsito
PED-10962,2026-01-28,Sudeste,Eletrônicos,466.69,246.34,45.8,14.73,2026-02-01,2026-02-01,Entregue,220.35,174.55,37.4,3.11,4,4.0,1,Entregue no Prazo
PED-10963,2026-06-13,Sul,Ferramentas,476.33,204.97,139.29,30.68,2026-06-19,2026-06-20,Entregue,271.36,132.07000000000002,27.73,4.54,6,7.0,0,Entregue com Atraso
PED-10964,2026-04-30,Nordeste,Ferramentas,2830.74,1347.33,62.23,12.82,2026-05-12,,Cancelado,1483.4099999999999,1421.1799999999998,50.21,4.85,12,,0,Cancelado
PED-10965,2026-02-15,Nordeste,Eletrônicos,3181.28,2080.34,101.06,24.78,2026-02-22,,Em Transito,1100.94,999.8800000000001,31.43,4.08,7,,0,Em Trânsito
PED-10966,2026-05-24,Sudeste,Ferramentas,845.7,534.37,55.76,17.28,2026-06-04,,Em Transito,311.33000000000004,255.57000000000005,30.22,3.23,11,,0,Em Trânsito
PED-10967,2026-01-29,Sul,Ferramentas,453.81,206.7,47.07,6.12,2026-02-09,,Cancelado,247.11,200.04000000000002,44.08,7.69,11,,0,Cancelado
PED-10968,2026-06-29,Norte,Móveis,1776.15,968.15,33.85,8.31,2026-07-13,2026-07-17,Entregue,808.0000000000001,774.1500000000001,43.59,4.07,14,18.0,0,Entregue com Atraso
PED-10969,2026-04-28,Norte,Ferramentas,1850.68,826.52,91.56,33.5,2026-05-06,2026-05-04,Entregue,1024.16,932.6000000000001,50.39,2.73,8,6.0,1,Entregue no Prazo
PED-10970,2026-04-21,Norte,Vestuário,867.0,509.97,83.75,15.42,2026-04-30,2026-05-01,Entregue,357.03,273.28,31.52,5.43,9,10.0,0,Entregue com Atraso
PED-10971,2026-06-28,Norte,Vestuário,78.52,49.78,137.37,33.5,2026-07-06,,Cancelado,28.739999999999995,-108.63000000000001,-138.35,4.1,8,,0,Cancelado
PED-10972,2026-02-18,Nordeste,Alimentos,1081.37,614.16,32.03,0.91,2026-02-21,,Em Transito,467.2099999999999,435.17999999999995,40.24,35.2,3,,0,Em Trânsito
PED-10973,2026-01-18,Nordeste,Ferramentas,261.48,145.82,86.36,25.08,2026-01-20,2026-01-24,Entregue,115.66000000000003,29.300000000000026,11.21,3.44,2,6.0,0,Entregue com Atraso
PED-10974,2026-04-29,Centro-Oeste,Vestuário,2147.45,926.47,115.0,22.98,2026-05-11,2026-05-15,Entregue,1220.9799999999998,1105.9799999999998,51.5,5.0,12,16.0,0,Entregue com Atraso
PED-10975,2026-01-14,Centro-Oeste,Vestuário,1609.55,977.89,101.02744680851065,32.05,2026-01-28,,Em Transito,631.66,530.6325531914894,32.97,3.15,14,,0,Em Trânsito
PED-10976,2026-03-16,Sudeste,Vestuário,580.7,370.5,89.77,45.79,2026-03-30,2026-04-05,Entregue,210.20000000000005,120.43000000000005,20.74,1.96,14,20.0,0,Entregue com Atraso
PED-10977,2026-01-16,Norte,Móveis,75.09,31.41,71.87,21.73,2026-01-21,,Em Transito,43.68000000000001,-28.189999999999998,-37.54,3.31,5,,0,Em Trânsito
PED-10978,2026-02-25,Norte,Alimentos,533.15,264.78,143.48,29.14,2026-03-05,,Cancelado,268.37,124.89000000000001,23.42,4.92,8,,0,Cancelado
PED-10979,2026-05-21,Sul,Alimentos,2656.26,1545.99,129.4,31.53,2026-06-04,,Em Transito,1110.2700000000002,980.8700000000002,36.93,4.1,14,,0,Em Trânsito
PED-10980,2026-01-02,Sudeste,Eletrônicos,1823.58,1183.06,80.0,22.47,2026-01-06,,Em Transito,640.52,560.52,30.74,3.56,4,,0,Em Trânsito
PED-10981,2026-02-06,Nordeste,Eletrônicos,593.38,343.15,88.98,29.88,2026-02-13,2026-02-15,Entregue,250.23000000000002,161.25,27.17,2.98,7,9.0,0,Entregue com Atraso
PED-10982,2026-05-21,Norte,Móveis,420.19,194.05,45.1,7.8,2026-05-26,,Cancelado,226.14,181.04,43.09,5.78,5,,0,Cancelado
PED-10983,2026-07-07,Nordeste,Vestuário,1134.63,729.61,73.59,13.67,2026-07-11,,Cancelado,405.0200000000001,331.43000000000006,29.21,5.38,4,,0,Cancelado
PED-10984,2026-03-25,Nordeste,Ferramentas,636.95,400.37,82.52,38.79,2026-04-08,,Em Transito,236.58000000000004,154.06000000000006,24.19,2.13,14,,0,Em Trânsito
PED-10985,2026-07-11,Sudeste,Móveis,2993.45,1435.0,106.36,26.22,2026-07-21,2026-07-21,Entregue,1558.4499999999998,1452.09,48.51,4.06,10,10.0,1,Entregue no Prazo
PED-10986,2026-05-17,Sul,Eletrônicos,2390.55,1392.05,63.97,20.0,2026-05-31,,Em Transito,998.5000000000002,934.5300000000002,39.09,3.2,14,,0,Em Trânsito
PED-10987,2026-03-18,Norte,Ferramentas,2654.31,1578.28,132.57,32.05,2026-03-30,,Em Transito,1076.03,943.46,35.54,4.14,12,,0,Em Trânsito
PED-10988,2026-06-21,Sudeste,Ferramentas,2077.55,988.2,46.92,10.58,2026-07-05,,Em Transito,1089.3500000000001,1042.43,50.18,4.43,14,,0,Em Trânsito
PED-10989,2026-03-17,Centro-Oeste,Ferramentas,2778.17,1422.92,102.24,28.36,2026-03-23,2026-03-21,Entregue,1355.25,1253.01,45.1,3.61,6,4.0,1,Entregue no Prazo
PED-10990,2026-01-17,Nordeste,Eletrônicos,2044.89,1123.54,129.82,29.19,2026-01-24,2026-01-30,Entregue,921.3500000000001,791.5300000000002,38.71,4.45,7,13.0,0,Entregue com Atraso
PED-10991,2026-06-04,Sul,Eletrônicos,2115.3,1031.76,118.53,34.35,2026-06-08,2026-06-10,Entregue,1083.5400000000002,965.0100000000002,45.62,3.45,4,6.0,0,Entregue com Atraso
PED-10992,2026-02-26,Sudeste,Alimentos,2837.48,1448.32,41.57,6.69,2026-03-06,2026-03-06,Entregue,1389.16,1347.5900000000001,47.49,6.21,8,8.0,1,Entregue no Prazo
PED-10993,2026-01-09,Centro-Oeste,Alimentos,1845.97,955.35,128.6,29.07,2026-01-16,,Cancelado,890.62,762.02,41.28,4.42,7,,0,Cancelado
PED-10994,2026-06-07,Centro-Oeste,Móveis,936.07,502.52,35.46,1.99,2026-06-18,,Cancelado,433.55000000000007,398.0900000000001,42.53,17.82,11,,0,Cancelado
PED-10995,2026-02-03,Sudeste,Vestuário,190.71,94.31,132.77,28.99,2026-02-05,,Cancelado,96.4,-36.370000000000005,-19.07,4.58,2,,0,Cancelado
PED-10996,2026-03-03,Sul,Ferramentas,2850.76,1774.74,122.11,36.98,2026-03-12,2026-03-13,Entregue,1076.0200000000002,953.9100000000002,33.46,3.3,9,10.0,0,Entregue com Atraso
PED-10997,2026-01-09,Sudeste,Eletrônicos,2643.3,1392.65,71.35,26.1,2026-01-18,2026-01-20,Entregue,1250.65,1179.3000000000002,44.61,2.73,9,11.0,0,Entregue com Atraso
PED-10998,2026-05-21,Centro-Oeste,Móveis,2629.71,1399.89,175.57,36.81,2026-05-31,,Cancelado,1229.82,1054.25,40.09,4.77,10,,0,Cancelado
PED-10999,2026-01-21,Norte,Móveis,402.16,233.42,115.27,43.75,2026-01-27,2026-01-27,Entregue,168.74000000000004,53.47000000000004,13.3,2.63,6,6.0,1,Entregue no Prazo
PED-11000,2026-05-31,Norte,Móveis,2038.6,1299.81,58.23,16.55,2026-06-11,2026-06-15,Entregue,738.79,680.56,33.38,3.52,11,15.0,0,Entregue com Atraso
PED-11001,2026-03-10,Nordeste,Ferramentas,966.35,590.74,162.85,40.24,2026-03-14,2026-03-18,Entregue,375.61,212.76000000000002,22.02,4.05,4,8.0,0,Entregue com Atraso
PED-11002,2026-05-16,Norte,Móveis,1422.16,751.52,182.89,44.07,2026-05-18,,Cancelado,670.6400000000001,487.7500000000001,34.3,4.15,2,,0,Cancelado
PED-11003,2026-03-31,Norte,Eletrônicos,893.93,557.67,121.67,26.28,2026-04-05,2026-04-03,Entregue,336.26,214.58999999999997,24.01,4.63,5,3.0,1,Entregue no Prazo
PED-11004,2026-02-17,Centro-Oeste,Vestuário,2179.87,1136.74,43.41,10.32,2026-02-23,2026-02-22,Entregue,1043.1299999999999,999.7199999999999,45.86,4.21,6,5.0,1,Entregue no Prazo
PED-11005,2026-04-05,Nordeste,Ferramentas,1461.73,823.33,95.26,27.4,2026-04-18,2026-04-18,Entregue,638.4,543.14,37.16,3.48,13,13.0,1,Entregue no Prazo
PED-11006,2026-03-16,Centro-Oeste,Móveis,776.09,384.53,67.65,12.38,2026-03-19,2026-03-20,Entregue,391.56000000000006,323.9100000000001,41.74,5.46,3,4.0,0,Entregue com Atraso
PED-11007,2026-02-09,Nordeste,Alimentos,1763.1,851.75,80.76,26.98,2026-02-18,2026-02-18,Entregue,911.3499999999999,830.5899999999999,47.11,2.99,9,9.0,1,Entregue no Prazo
PED-11008,2026-01-24,Norte,Vestuário,2195.29,1274.16,60.36,27.53,2026-01-28,,Cancelado,921.1299999999999,860.7699999999999,39.21,2.19,4,,0,Cancelado
PED-11009,2026-06-08,Nordeste,Móveis,2382.69,1454.94,83.35,36.18,2026-06-12,,Cancelado,927.75,844.4,35.44,2.3,4,,0,Cancelado
PED-11010,2026-03-30,Norte,Alimentos,1963.36,1281.98,119.54,24.31,2026-04-06,2026-04-10,Entregue,681.3799999999999,561.8399999999999,28.62,4.92,7,11.0,0,Entregue com Atraso
PED-11011,2026-03-08,Nordeste,Móveis,3312.42,1765.13,83.93,30.17,2026-03-12,2026-03-12,Entregue,1547.29,1463.36,44.18,2.78,4,4.0,1,Entregue no Prazo
PED-11012,2026-03-27,Sul,Vestuário,2061.41,1386.66,90.6,47.13,2026-04-10,2026-04-10,Entregue,674.7499999999998,584.1499999999997,28.34,1.92,14,14.0,1,Entregue no Prazo
PED-11013,2026-01-24,Sul,Vestuário,902.02,574.56,114.13,31.91,2026-02-04,2026-02-04,Entregue,327.46000000000004,213.33000000000004,23.65,3.58,11,11.0,1,Entregue no Prazo
PED-11014,2026-07-01,Sul,Vestuário,1779.99,990.12,78.88,22.69,2026-07-13,2026-07-19,Entregue,789.87,710.99,39.94,3.48,12,18.0,0,Entregue com Atraso
PED-11015,2026-06-05,Sul,Móveis,2801.44,1250.05,96.55,31.44,2026-06-18,2026-06-18,Entregue,1551.39,1454.8400000000001,51.93,3.07,13,13.0,1,Entregue no Prazo
PED-11016,2026-03-27,Sul,Alimentos,1749.2,1179.78,103.36,24.72,2026-04-02,,Cancelado,569.4200000000001,466.06000000000006,26.64,4.18,6,,0,Cancelado
PED-11017,2026-03-01,Norte,Alimentos,796.24,511.31,102.01,37.99,2026-03-08,2026-03-14,Entregue,284.93,182.92000000000002,22.97,2.69,7,13.0,0,Entregue com Atraso
PED-11018,2026-01-15,Sul,Vestuário,1191.24,540.35,184.16,38.38,2026-01-19,2026-01-19,Entregue,650.89,466.73,39.18,4.8,4,4.0,1,Entregue no Prazo
PED-11019,2026-02-19,Sudeste,Ferramentas,2666.51,1246.52,30.99,4.29,2026-02-28,2026-02-28,Entregue,1419.9900000000002,1389.0000000000002,52.09,7.22,9,9.0,1,Entregue no Prazo
PED-11020,2026-04-21,Norte,Ferramentas,1821.16,1179.38,162.45,40.88,2026-05-02,2026-05-02,Entregue,641.78,479.33,26.32,3.97,11,11.0,1,Entregue no Prazo
PED-11021,2026-02-25,Sudeste,Alimentos,2793.5,1929.5,90.35,23.63,2026-02-27,,Cancelado,864.0,773.65,27.69,3.82,2,,0,Cancelado
PED-11022,2026-03-10,Centro-Oeste,Vestuário,3304.83,1419.58,36.64,13.62,2026-03-16,2026-03-20,Entregue,1885.25,1848.61,55.94,2.69,6,10.0,0,Entregue com Atraso
PED-11023,2026-05-08,Sudeste,Móveis,2574.63,1157.09,67.68,17.89,2026-05-14,2026-05-12,Entregue,1417.5400000000002,1349.8600000000001,52.43,3.78,6,4.0,1,Entregue no Prazo
PED-11024,2026-06-30,Sul,Eletrônicos,3318.99,1681.91,49.5,12.87,2026-07-12,2026-07-12,Entregue,1637.0799999999997,1587.5799999999997,47.83,3.85,12,12.0,1,Entregue no Prazo
PED-11025,2026-03-22,Sul,Móveis,1215.1,781.19,115.54,34.94,2026-03-24,2026-03-30,Entregue,433.90999999999985,318.36999999999983,26.2,3.31,2,8.0,0,Entregue com Atraso
PED-11026,2026-07-07,Centro-Oeste,Móveis,2448.7,1232.08,143.08,34.85,2026-07-19,2026-07-25,Entregue,1216.62,1073.54,43.84,4.11,12,18.0,0,Entregue com Atraso
PED-11027,2026-06-20,Sul,Alimentos,3085.49,1534.72,97.07,20.11,2026-06-24,2026-06-28,Entregue,1550.7699999999998,1453.6999999999998,47.11,4.83,4,8.0,0,Entregue com Atraso
PED-11028,2026-06-05,Centro-Oeste,Móveis,1820.59,1048.24,55.86,9.39,2026-06-16,2026-06-18,Entregue,772.3499999999999,716.4899999999999,39.35,5.95,11,13.0,0,Entregue com Atraso
PED-11029,2026-06-01,Norte,Alimentos,1792.82,1002.9,168.99,40.38,2026-06-12,,Em Transito,789.92,620.93,34.63,4.18,11,,0,Em Trânsito
PED-11030,2026-04-21,Centro-Oeste,Alimentos,310.66,147.25,69.03,34.92,2026-05-03,2026-05-03,Entregue,163.41000000000003,94.38000000000002,30.38,1.98,12,12.0,1,Entregue no Prazo
PED-11031,2026-05-17,Nordeste,Móveis,212.28,140.9,157.18,40.73,2026-05-31,2026-05-30,Entregue,71.38,-85.80000000000001,-40.42,3.86,14,13.0,1,Entregue no Prazo
PED-11032,2026-04-11,Nordeste,Vestuário,2236.5,1086.74,124.1,38.33,2026-04-18,2026-04-18,Entregue,1149.76,1025.66,45.86,3.24,7,7.0,1,Entregue no Prazo
PED-11033,2026-06-19,Sul,Vestuário,2953.23,1191.06,48.45,15.95,2026-06-21,2026-06-21,Entregue,1762.17,1713.72,58.03,3.04,2,2.0,1,Entregue no Prazo
PED-11034,2026-03-30,Nordeste,Alimentos,2651.09,1148.24,93.24,23.66,2026-04-13,,Cancelado,1502.8500000000001,1409.6100000000001,53.17,3.94,14,,0,Cancelado
PED-11035,2026-04-12,Centro-Oeste,Ferramentas,785.05,459.12,108.21,19.07,2026-04-26,2026-04-26,Entregue,325.92999999999995,217.71999999999997,27.73,5.67,14,14.0,1,Entregue no Prazo
PED-11036,2026-02-27,Norte,Móveis,992.98,672.64,59.09,18.04,2026-03-09,2026-03-10,Entregue,320.34000000000003,261.25,26.31,3.28,10,11.0,0,Entregue com Atraso
PED-11037,2026-02-06,Norte,Alimentos,53.13,32.65,35.87,8.97,2026-02-09,,Em Transito,20.480000000000004,-15.389999999999993,-28.97,4.0,3,,0,Em Trânsito
PED-11038,2026-06-09,Sudeste,Móveis,1165.02,577.39,107.7,22.7,2026-06-18,2026-06-22,Entregue,587.63,479.93,41.2,4.74,9,13.0,0,Entregue com Atraso
PED-11039,2026-06-02,Centro-Oeste,Vestuário,2337.86,1174.81,147.04,34.34,2026-06-08,,Em Transito,1163.0500000000002,1016.0100000000002,43.46,4.28,6,,0,Em Trânsito
PED-11040,2026-05-12,Nordeste,Eletrônicos,2518.69,1552.7,79.37,14.48,2026-05-26,,Cancelado,965.99,886.62,35.2,5.48,14,,0,Cancelado
PED-11041,2026-07-07,Sul,Ferramentas,3427.05,2275.82,56.37,14.36,2026-07-21,2026-07-21,Entregue,1151.23,1094.8600000000001,31.95,3.93,14,14.0,1,Entregue no Prazo
PED-11042,2026-02-17,Sul,Eletrônicos,59.32,31.43,58.39,25.41,2026-02-22,,Em Transito,27.89,-30.5,-51.42,2.3,5,,0,Em Trânsito
PED-11043,2026-01-06,Norte,Vestuário,2022.88,1163.49,48.31,10.88,2026-01-18,,Cancelado,859.3900000000001,811.0800000000002,40.1,4.44,12,,0,Cancelado
PED-11044,2026-02-23,Norte,Eletrônicos,1353.99,729.94,27.15,4.88,2026-02-26,2026-02-27,Entregue,624.05,596.9,44.08,5.56,3,4.0,0,Entregue com Atraso
PED-11045,2026-06-20,Centro-Oeste,Móveis,2458.84,1443.66,56.69,9.86,2026-07-01,,Cancelado,1015.1800000000001,958.49,38.98,5.75,11,,0,Cancelado
PED-11046,2026-07-09,Norte,Móveis,1742.73,1202.19,127.3,41.7,2026-07-16,,Cancelado,540.54,413.23999999999995,23.71,3.05,7,,0,Cancelado
PED-11047,2026-02-13,Norte,Móveis,3461.62,2370.24,24.05,4.37,2026-02-18,,Cancelado,1091.38,1067.3300000000002,30.83,5.5,5,,0,Cancelado
PED-11048,2026-02-02,Sul,Vestuário,2238.14,1415.27,21.39,2.17,2026-02-06,,Cancelado,822.8699999999999,801.4799999999999,35.81,9.86,4,,0,Cancelado
PED-11049,2026-04-29,Norte,Alimentos,599.9,247.9,59.96,20.0,2026-05-07,2026-05-11,Entregue,352.0,292.04,48.68,3.0,8,12.0,0,Entregue com Atraso
PED-11050,2026-05-26,Sudeste,Móveis,907.22,537.76,82.12,14.12,2026-06-06,,Cancelado,369.46000000000004,287.34000000000003,31.67,5.82,11,,0,Cancelado
PED-11051,2026-01-08,Nordeste,Alimentos,1892.4,972.22,78.32,17.34,2026-01-10,2026-01-10,Entregue,920.1800000000001,841.8600000000001,44.49,4.52,2,2.0,1,Entregue no Prazo
PED-11052,2026-04-24,Nordeste,Vestuário,587.79,271.52,83.16,34.52,2026-05-01,2026-04-30,Entregue,316.27,233.10999999999999,39.66,2.41,7,6.0,1,Entregue no Prazo
PED-11053,2026-07-05,Centro-Oeste,Vestuário,548.58,241.48,114.55,47.22,2026-07-12,,Em Transito,307.1,192.55,35.1,2.43,7,,0,Em Trânsito
PED-11054,2026-01-22,Centro-Oeste,Móveis,1588.52,742.47,99.79,36.48,2026-01-29,,Cancelado,846.05,746.26,46.98,2.74,7,,0,Cancelado
PED-11055,2026-05-29,Sudeste,Vestuário,1424.83,578.13,159.56,38.74,2026-06-12,2026-06-14,Entregue,846.6999999999999,687.1399999999999,48.23,4.12,14,16.0,0,Entregue com Atraso
PED-11056,2026-02-19,Norte,Vestuário,891.26,397.3,193.25,43.03,2026-03-05,,Cancelado,493.96,300.71,33.74,4.49,14,,0,Cancelado
PED-11057,2026-07-12,Sudeste,Eletrônicos,2486.97,1211.51,35.96,8.68,2026-07-21,,Em Transito,1275.4599999999998,1239.4999999999998,49.84,4.14,9,,0,Em Trânsito
PED-11058,2026-06-25,Nordeste,Ferramentas,1385.38,787.99,120.09,40.25,2026-07-02,2026-07-02,Entregue,597.3900000000001,477.30000000000007,34.45,2.98,7,7.0,1,Entregue no Prazo
PED-11059,2026-04-11,Sudeste,Móveis,2343.59,1138.64,60.31,10.35,2026-04-15,,Cancelado,1204.95,1144.64,48.84,5.83,4,,0,Cancelado
PED-11060,2026-06-12,Nordeste,Móveis,372.46,205.73,54.42,8.53,2026-06-20,2026-06-18,Entregue,166.73,112.30999999999999,30.15,6.38,8,6.0,1,Entregue no Prazo
PED-11061,2026-06-14,Nordeste,Alimentos,910.07,425.43,77.53,26.21,2026-06-25,2026-06-25,Entregue,484.64000000000004,407.11,44.73,2.96,11,11.0,1,Entregue no Prazo
PED-11062,2026-03-07,Centro-Oeste,Eletrônicos,929.76,445.14,34.48,2.44,2026-03-14,2026-03-12,Entregue,484.62,450.14,48.41,14.13,7,5.0,1,Entregue no Prazo
PED-11063,2026-03-24,Centro-Oeste,Vestuário,1388.43,621.98,75.72,20.21,2026-04-02,2026-04-04,Entregue,766.45,690.73,49.75,3.75,9,11.0,0,Entregue com Atraso
PED-11064,2026-05-21,Nordeste,Alimentos,1129.94,729.9,91.57,27.92,2026-06-01,2026-05-31,Entregue,400.0400000000001,308.4700000000001,27.3,3.28,11,10.0,1,Entregue no Prazo
PED-11065,2026-05-09,Sudeste,Eletrônicos,427.43,255.58,88.89,16.29,2026-05-15,2026-05-15,Entregue,171.85,82.96,19.41,5.46,6,6.0,1,Entregue no Prazo
PED-11066,2026-02-20,Sul,Eletrônicos,2841.17,1801.93,77.82,11.14,2026-02-25,2026-02-26,Entregue,1039.24,961.4200000000001,33.84,6.99,5,6.0,0,Entregue com Atraso
PED-11067,2026-01-10,Centro-Oeste,Móveis,801.77,476.49,73.14,21.38,2026-01-21,,Cancelado,325.28,252.14,31.45,3.42,11,,0,Cancelado
PED-11068,2026-02-20,Norte,Alimentos,2220.44,1416.43,29.39,7.07,2026-03-03,2026-03-03,Entregue,804.01,774.62,34.89,4.16,11,11.0,1,Entregue no Prazo
PED-11069,2026-03-29,Nordeste,Móveis,692.27,303.01,44.71,7.35,2026-04-02,,Em Transito,389.26,344.55,49.77,6.08,4,,0,Em Trânsito
PED-11070,2026-01-19,Sudeste,Vestuário,113.33,55.93,112.47,32.07,2026-01-28,,Em Transito,57.4,-55.07,-48.59,3.51,9,,0,Em Trânsito
PED-11071,2026-03-21,Sudeste,Ferramentas,3262.02,2128.22,85.86,32.55,2026-03-24,2026-03-24,Entregue,1133.8000000000002,1047.9400000000003,32.13,2.64,3,3.0,1,Entregue no Prazo
PED-11072,2026-03-03,Nordeste,Eletrônicos,731.04,418.63,228.75,46.3,2026-03-11,2026-03-13,Entregue,312.40999999999997,83.65999999999997,11.44,4.94,8,10.0,0,Entregue com Atraso
PED-11073,2026-01-11,Centro-Oeste,Alimentos,971.4,527.52,139.81,41.22,2026-01-14,2026-01-14,Entregue,443.88,304.07,31.3,3.39,3,3.0,1,Entregue no Prazo
PED-11074,2026-06-08,Sudeste,Alimentos,1426.93,834.21,100.99,18.58,2026-06-21,2026-06-21,Entregue,592.72,491.73,34.46,5.44,13,13.0,1,Entregue no Prazo
PED-11075,2026-05-28,Nordeste,Alimentos,2282.53,935.64,12.01,0.56,2026-06-07,2026-06-07,Entregue,1346.8900000000003,1334.8800000000003,58.48,21.45,10,10.0,1,Entregue no Prazo
PED-11076,2026-02-14,Nordeste,Alimentos,2027.36,1373.99,97.24,32.44,2026-02-18,,Em Transito,653.3699999999999,556.1299999999999,27.43,3.0,4,,0,Em Trânsito
PED-11077,2026-06-01,Norte,Móveis,2381.55,1352.64,76.45,39.59,2026-06-09,2026-06-09,Entregue,1028.91,952.46,39.99,1.93,8,8.0,1,Entregue no Prazo
PED-11078,2026-05-22,Sudeste,Vestuário,1062.22,704.61,112.12,38.36,2026-06-01,2026-06-01,Entregue,357.61,245.49,23.11,2.92,10,10.0,1,Entregue no Prazo
PED-11079,2026-04-03,Sudeste,Ferramentas,2390.88,1098.66,98.41,24.95,2026-04-08,2026-04-07,Entregue,1292.22,1193.81,49.93,3.94,5,4.0,1,Entregue no Prazo
PED-11080,2026-07-12,Sudeste,Alimentos,610.86,426.78,28.8,6.38,2026-07-26,2026-07-28,Entregue,184.08000000000004,155.28000000000003,25.42,4.51,14,16.0,0,Entregue com Atraso
PED-11081,2026-03-21,Sul,Móveis,1460.16,944.73,155.61,34.19,2026-04-03,2026-04-03,Entregue,515.4300000000001,359.82000000000005,24.64,4.55,13,13.0,1,Entregue no Prazo
PED-11082,2026-07-04,Sudeste,Alimentos,2278.53,1576.44,26.87,3.26,2026-07-12,,Cancelado,702.0900000000001,675.2200000000001,29.63,8.24,8,,0,Cancelado
PED-11083,2026-04-19,Centro-Oeste,Ferramentas,1314.4,746.41,107.03,33.44,2026-04-30,2026-04-30,Entregue,567.9900000000001,460.96000000000015,35.07,3.2,11,11.0,1,Entregue no Prazo
PED-11084,2026-03-18,Centro-Oeste,Vestuário,1036.91,575.54,40.12,13.54,2026-03-25,2026-03-27,Entregue,461.3700000000001,421.2500000000001,40.63,2.96,7,9.0,0,Entregue com Atraso
PED-11085,2026-02-02,Sudeste,Eletrônicos,2886.85,1642.04,119.52,48.24,2026-02-11,2026-02-11,Entregue,1244.81,1125.29,38.98,2.48,9,9.0,1,Entregue no Prazo
PED-11086,2026-02-17,Centro-Oeste,Alimentos,340.73,219.28,155.44,36.09,2026-02-22,,Cancelado,121.45000000000002,-33.98999999999998,-9.98,4.31,5,,0,Cancelado
PED-11087,2026-01-28,Nordeste,Ferramentas,2612.42,1369.67,119.57,23.94,2026-02-10,,Cancelado,1242.75,1123.18,42.99,4.99,13,,0,Cancelado
PED-11088,2026-07-14,Sudeste,Eletrônicos,50.83,22.9,26.99,2.01,2026-07-23,2026-07-24,Entregue,27.93,0.9400000000000013,1.85,13.43,9,10.0,0,Entregue com Atraso
PED-11089,2026-07-05,Sudeste,Alimentos,781.5,319.53,54.76,21.98,2026-07-19,,Cancelado,461.97,407.21000000000004,52.11,2.49,14,,0,Cancelado
PED-11090,2026-07-04,Sudeste,Vestuário,366.88,195.73,210.47,49.98,2026-07-14,,Em Transito,171.15,-39.31999999999999,-10.72,4.21,10,,0,Em Trânsito
PED-11091,2026-05-08,Sudeste,Alimentos,1097.11,474.59,98.38,23.9,2026-05-22,,Cancelado,622.52,524.14,47.77,4.12,14,,0,Cancelado
PED-11092,2026-02-01,Norte,Ferramentas,1048.27,499.03,67.86,16.88,2026-02-08,2026-02-07,Entregue,549.24,481.38,45.92,4.02,7,6.0,1,Entregue no Prazo
PED-11093,2026-06-03,Sul,Móveis,917.01,412.53,76.99,17.8,2026-06-14,2026-06-16,Entregue,504.48,427.49,46.62,4.33,11,13.0,0,Entregue com Atraso
PED-11094,2026-03-23,Nordeste,Vestuário,1720.72,972.2,102.77,24.84,2026-04-05,,Cancelado,748.52,645.75,37.53,4.14,13,,0,Cancelado
PED-11095,2026-03-02,Centro-Oeste,Móveis,279.87,193.9,212.26,47.87,2026-03-10,2026-03-10,Entregue,85.97,-126.28999999999999,-45.12,4.43,8,8.0,1,Entregue no Prazo
PED-11096,2026-06-11,Centro-Oeste,Vestuário,1270.97,738.43,67.39,15.94,2026-06-19,2026-06-19,Entregue,532.5400000000001,465.1500000000001,36.6,4.23,8,8.0,1,Entregue no Prazo
PED-11097,2026-06-24,Nordeste,Vestuário,1171.71,634.29,103.85,41.03,2026-07-07,2026-07-05,Entregue,537.4200000000001,433.57000000000005,37.0,2.53,13,11.0,1,Entregue no Prazo
PED-11098,2026-02-26,Centro-Oeste,Ferramentas,799.13,409.23,80.21,16.98,2026-03-04,2026-03-04,Entregue,389.9,309.69,38.75,4.72,6,6.0,1,Entregue no Prazo
PED-11099,2026-03-22,Sul,Alimentos,236.2,148.54,116.58,35.32,2026-03-24,2026-03-23,Entregue,87.66,-28.92,-12.24,3.3,2,1.0,1,Entregue no Prazo
PED-11100,2026-02-25,Centro-Oeste,Ferramentas,3382.89,1966.25,82.03,37.59,2026-03-05,,Em Transito,1416.6399999999999,1334.61,39.45,2.18,8,,0,Em Trânsito
PED-11101,2026-05-24,Nordeste,Ferramentas,3130.15,1866.1,178.03,33.78,2026-06-03,,Cancelado,1264.0500000000002,1086.0200000000002,34.7,5.27,10,,0,Cancelado
PED-11102,2026-04-19,Nordeste,Móveis,1239.51,828.11,77.11,14.93,2026-05-03,,Cancelado,411.4,334.28999999999996,26.97,5.16,14,,0,Cancelado
PED-11103,2026-06-23,Sudeste,Vestuário,2186.76,1026.99,30.0,0.55,2026-07-06,2026-07-06,Entregue,1159.7700000000002,1129.7700000000002,51.66,54.55,13,13.0,1,Entregue no Prazo
PED-11104,2026-06-28,Centro-Oeste,Ferramentas,1816.51,801.22,57.75,17.38,2026-07-05,2026-07-05,Entregue,1015.29,957.54,52.71,3.32,7,7.0,1,Entregue no Prazo
PED-11105,2026-07-02,Centro-Oeste,Móveis,843.37,374.83,143.51,32.86,2026-07-09,,Em Transito,468.54,325.03000000000003,38.54,4.37,7,,0,Em Trânsito
PED-11106,2026-02-16,Sul,Ferramentas,2835.43,1674.83,70.33,15.53,2026-02-23,2026-02-25,Entregue,1160.6,1090.27,38.45,4.53,7,9.0,0,Entregue com Atraso
PED-11107,2026-01-07,Sul,Eletrônicos,3185.44,1294.41,42.11,17.73,2026-01-16,2026-01-15,Entregue,1891.03,1848.92,58.04,2.38,9,8.0,1,Entregue no Prazo
PED-11108,2026-02-09,Norte,Alimentos,1729.48,1199.52,120.74,48.29,2026-02-20,2026-02-18,Entregue,529.96,409.22,23.66,2.5,11,9.0,1,Entregue no Prazo
PED-11109,2026-04-26,Sudeste,Ferramentas,1457.58,675.42,73.3,24.38,2026-05-01,2026-05-01,Entregue,782.16,708.86,48.63,3.01,5,5.0,1,Entregue no Prazo
PED-11110,2026-03-22,Centro-Oeste,Vestuário,1032.75,420.61,145.94,31.44,2026-03-25,2026-03-24,Entregue,612.14,466.2,45.14,4.64,3,2.0,1,Entregue no Prazo
PED-11111,2026-01-21,Norte,Vestuário,3466.79,2097.08,89.39,32.35,2026-02-02,,Cancelado,1369.71,1280.32,36.93,2.76,12,,0,Cancelado
PED-11112,2026-02-25,Nordeste,Alimentos,1550.07,713.39,30.61,5.82,2026-03-05,,Em Transito,836.68,806.0699999999999,52.0,5.26,8,,0,Em Trânsito
PED-11113,2026-07-04,Norte,Móveis,1043.53,703.87,102.35,43.46,2026-07-18,,Cancelado,339.65999999999997,237.30999999999997,22.74,2.36,14,,0,Cancelado
PED-11114,2026-06-27,Sul,Eletrônicos,2965.53,1613.47,48.34,9.28,2026-07-03,,Em Transito,1352.0600000000002,1303.7200000000003,43.96,5.21,6,,0,Em Trânsito
PED-11115,2026-05-24,Norte,Vestuário,3159.83,2054.44,102.94,27.9,2026-06-01,2026-06-01,Entregue,1105.3899999999999,1002.4499999999998,31.72,3.69,8,8.0,1,Entregue no Prazo
PED-11116,2026-05-07,Nordeste,Alimentos,1445.89,771.59,115.0,43.75,2026-05-17,2026-05-17,Entregue,674.3000000000001,559.3000000000001,38.68,2.63,10,10.0,1,Entregue no Prazo
PED-11117,2026-04-04,Sul,Ferramentas,1920.37,1165.45,85.62,23.73,2026-04-11,2026-04-11,Entregue,754.9199999999998,669.2999999999998,34.85,3.61,7,7.0,1,Entregue no Prazo
PED-11118,2026-01-17,Norte,Vestuário,2979.51,1973.66,46.34,8.94,2026-01-27,,Cancelado,1005.8500000000001,959.5100000000001,32.2,5.18,10,,0,Cancelado
PED-11119,2026-01-08,Norte,Ferramentas,3256.02,2003.2,130.63,38.25,2026-01-12,2026-01-11,Entregue,1252.82,1122.19,34.47,3.42,4,3.0,1,Entregue no Prazo
PED-11120,2026-04-26,Sul,Móveis,1524.55,1049.79,152.44,36.28,2026-05-04,,Cancelado,474.76,322.32,21.14,4.2,8,,0,Cancelado
PED-11121,2026-06-15,Sudeste,Ferramentas,3418.89,2085.74,88.96188596491228,25.36,2026-06-20,2026-06-19,Entregue,1333.15,1244.188114035088,36.39,3.51,5,4.0,1,Entregue no Prazo
PED-11122,2026-04-11,Centro-Oeste,Ferramentas,3044.48,1794.09,65.0,23.91,2026-04-13,2026-04-12,Entregue,1250.39,1185.39,38.94,2.72,2,1.0,1,Entregue no Prazo
PED-11123,2026-06-29,Centro-Oeste,Ferramentas,2082.51,1237.64,56.98,22.86,2026-07-12,,Cancelado,844.8700000000001,787.8900000000001,37.83,2.49,13,,0,Cancelado
PED-11124,2026-04-30,Nordeste,Eletrônicos,997.27,562.29,60.99,11.09,2026-05-13,2026-05-13,Entregue,434.98,373.99,37.5,5.5,13,13.0,1,Entregue no Prazo
PED-11125,2026-01-09,Norte,Móveis,2766.27,1923.25,14.18,1.49,2026-01-12,,Cancelado,843.02,828.84,29.96,9.52,3,,0,Cancelado
PED-11126,2026-04-16,Sudeste,Alimentos,2348.63,1105.48,182.33,44.78,2026-04-28,2026-04-26,Entregue,1243.15,1060.8200000000002,45.17,4.07,12,10.0,1,Entregue no Prazo
PED-11127,2026-02-14,Nordeste,Vestuário,2889.65,1192.25,117.48,23.82,2026-02-24,2026-02-24,Entregue,1697.4,1579.92,54.68,4.93,10,10.0,1,Entregue no Prazo
PED-11128,2026-06-04,Norte,Móveis,2065.73,856.39,128.83,30.38,2026-06-11,,Em Transito,1209.3400000000001,1080.5100000000002,52.31,4.24,7,,0,Em Trânsito
PED-11129,2026-07-02,Nordeste,Móveis,2909.81,1259.07,32.51,5.85,2026-07-08,,Em Transito,1650.74,1618.23,55.61,5.56,6,,0,Em Trânsito
PED-11130,2026-01-11,Sul,Ferramentas,2040.79,1033.06,141.96,41.14,2026-01-19,,Em Transito,1007.73,865.77,42.42,3.45,8,,0,Em Trânsito
PED-11131,2026-04-12,Sul,Vestuário,1319.55,558.55,107.22,35.82,2026-04-22,2026-04-22,Entregue,761.0,653.78,49.55,2.99,10,10.0,1,Entregue no Prazo
PED-11132,2026-03-31,Norte,Alimentos,1076.54,725.38,43.92,10.04,2026-04-06,2026-04-10,Entregue,351.15999999999997,307.23999999999995,28.54,4.37,6,10.0,0,Entregue com Atraso
PED-11133,2026-02-02,Centro-Oeste,Ferramentas,923.7,634.29,22.56,1.92,2026-02-13,,Em Transito,289.4100000000001,266.8500000000001,28.89,11.75,11,,0,Em Trânsito
PED-11134,2026-06-09,Nordeste,Alimentos,3060.01,1877.68,84.13,29.21,2026-06-18,2026-06-18,Entregue,1182.3300000000002,1098.2000000000003,35.89,2.88,9,9.0,1,Entregue no Prazo
PED-11135,2026-02-19,Norte,Alimentos,1039.5,541.3,175.12,37.11,2026-03-01,2026-03-01,Entregue,498.20000000000005,323.08000000000004,31.08,4.72,10,10.0,1,Entregue no Prazo
PED-11136,2026-03-29,Sudeste,Móveis,1883.19,866.97,50.78,14.59,2026-04-07,2026-04-13,Entregue,1016.22,965.44,51.27,3.48,9,15.0,0,Entregue com Atraso
PED-11137,2026-01-26,Norte,Vestuário,3353.94,2214.65,18.31,0.61,2026-02-02,2026-02-08,Entregue,1139.29,1120.98,33.42,30.02,7,13.0,0,Entregue com Atraso
PED-11138,2026-05-24,Norte,Ferramentas,1309.34,879.02,71.98,25.41,2026-06-06,2026-06-06,Entregue,430.31999999999994,358.3399999999999,27.37,2.83,13,13.0,1,Entregue no Prazo
PED-11139,2026-06-03,Sul,Alimentos,221.2,145.22,78.03,33.08,2026-06-10,2026-06-10,Entregue,75.97999999999999,-2.0500000000000114,-0.93,2.36,7,7.0,1,Entregue no Prazo
PED-11140,2026-03-26,Centro-Oeste,Ferramentas,3045.72,2034.45,173.54,44.38,2026-04-05,,Cancelado,1011.2699999999998,837.7299999999998,27.51,3.91,10,,0,Cancelado
PED-11141,2026-03-15,Sul,Eletrônicos,1429.87,753.54,86.77,31.5,2026-03-24,2026-03-25,Entregue,676.3299999999999,589.56,41.23,2.75,9,10.0,0,Entregue com Atraso
PED-11142,2026-07-06,Nordeste,Móveis,1414.15,912.61,82.0,28.61,2026-07-18,2026-07-22,Entregue,501.5400000000001,419.5400000000001,29.67,2.87,12,16.0,0,Entregue com Atraso
PED-11143,2026-01-20,Centro-Oeste,Ferramentas,299.86,146.51,48.95,10.08,2026-02-03,2026-02-05,Entregue,153.35000000000002,104.40000000000002,34.82,4.86,14,16.0,0,Entregue com Atraso
PED-11144,2026-06-12,Sul,Alimentos,2622.8,1210.64,83.04,15.0,2026-06-26,,Em Transito,1412.16,1329.1200000000001,50.68,5.54,14,,0,Em Trânsito
PED-11145,2026-01-04,Centro-Oeste,Alimentos,576.99,245.15,153.56,32.27,2026-01-16,,Cancelado,331.84000000000003,178.28000000000003,30.9,4.76,12,,0,Cancelado
PED-11146,2026-06-01,Sul,Móveis,1623.01,816.91,169.28,34.84,2026-06-08,2026-06-09,Entregue,806.1,636.82,39.24,4.86,7,8.0,0,Entregue com Atraso
PED-11147,2026-01-27,Sul,Eletrônicos,2385.93,1295.07,243.22,49.69,2026-01-30,,Em Transito,1090.86,847.6399999999999,35.53,4.89,3,,0,Em Trânsito
PED-11148,2026-03-30,Sudeste,Móveis,1634.1,777.07,77.95,18.83,2026-04-09,,Cancelado,857.0299999999999,779.0799999999998,47.68,4.14,10,,0,Cancelado
PED-11149,2026-05-22,Centro-Oeste,Eletrônicos,107.99,60.05,76.61,34.95,2026-05-31,2026-06-02,Entregue,47.94,-28.67,-26.55,2.19,9,11.0,0,Entregue com Atraso
PED-11150,2026-06-24,Nordeste,Vestuário,768.84,414.04,165.68,45.56,2026-07-01,,Em Transito,354.8,189.12,24.6,3.64,7,,0,Em Trânsito
PED-11151,2026-05-27,Nordeste,Vestuário,920.55,482.75,35.75,4.58,2026-05-29,2026-06-02,Entregue,437.79999999999995,402.04999999999995,43.67,7.81,2,6.0,0,Entregue com Atraso
PED-11152,2026-02-11,Centro-Oeste,Móveis,537.02,218.93,146.58,39.94,2026-02-17,2026-02-16,Entregue,318.09,171.50999999999996,31.94,3.67,6,5.0,1,Entregue no Prazo
PED-11153,2026-02-28,Nordeste,Alimentos,140.9,87.6,87.03,16.24,2026-03-13,2026-03-17,Entregue,53.30000000000001,-33.72999999999999,-23.94,5.36,13,17.0,0,Entregue com Atraso
PED-11154,2026-04-27,Nordeste,Móveis,626.61,381.95,152.36,39.12,2026-04-29,2026-04-29,Entregue,244.66000000000003,92.30000000000001,14.73,3.89,2,2.0,1,Entregue no Prazo
PED-11155,2026-06-05,Centro-Oeste,Móveis,3297.34,1911.59,161.13,49.61,2026-06-10,2026-06-10,Entregue,1385.7500000000002,1224.6200000000003,37.14,3.25,5,5.0,1,Entregue no Prazo
PED-11156,2026-05-11,Norte,Vestuário,3127.79,1280.0,116.3,37.55,2026-05-18,2026-05-18,Entregue,1847.79,1731.49,55.36,3.1,7,7.0,1,Entregue no Prazo
PED-11157,2026-01-21,Nordeste,Eletrônicos,361.6,205.68,105.56,24.21,2026-01-28,,Em Transito,155.92000000000002,50.360000000000014,13.93,4.36,7,,0,Em Trânsito
PED-11158,2026-05-09,Sudeste,Vestuário,2322.81,1363.35,86.97,24.98,2026-05-13,,Cancelado,959.46,872.49,37.56,3.48,4,,0,Cancelado
PED-11159,2026-05-27,Sul,Vestuário,2637.46,1458.43,39.71,5.69,2026-05-30,2026-05-29,Entregue,1179.03,1139.32,43.2,6.98,3,2.0,1,Entregue no Prazo
PED-11160,2026-07-05,Centro-Oeste,Eletrônicos,2482.64,1626.35,60.15,21.99,2026-07-12,2026-07-13,Entregue,856.29,796.14,32.07,2.74,7,8.0,0,Entregue com Atraso
PED-11161,2026-02-25,Sul,Alimentos,3161.34,1385.34,204.02,41.27,2026-02-27,,Em Transito,1776.0000000000002,1571.9800000000002,49.73,4.94,2,,0,Em Trânsito
PED-11162,2026-05-25,Norte,Ferramentas,1696.2,760.43,87.39,16.39,2026-05-29,,Em Transito,935.7700000000001,848.3800000000001,50.02,5.33,4,,0,Em Trânsito
PED-11163,2026-03-09,Sul,Ferramentas,1461.55,696.0,111.95,43.06,2026-03-21,,Em Transito,765.55,653.5999999999999,44.72,2.6,12,,0,Em Trânsito
PED-11164,2026-02-27,Norte,Ferramentas,776.68,531.76,91.45,17.11,2026-03-02,2026-03-03,Entregue,244.91999999999996,153.46999999999997,19.76,5.34,3,4.0,0,Entregue com Atraso
PED-11165,2026-06-06,Sul,Vestuário,3260.15,1885.14,178.22,40.15,2026-06-16,,Em Transito,1375.01,1196.79,36.71,4.44,10,,0,Em Trânsito
PED-11166,2026-03-30,Sul,Alimentos,72.41,31.35,136.36,28.86,2026-04-04,2026-04-02,Entregue,41.059999999999995,-95.30000000000001,-131.61,4.72,5,3.0,1,Entregue no Prazo
PED-11167,2026-03-05,Norte,Móveis,2047.94,1198.43,108.9,20.56,2026-03-11,2026-03-11,Entregue,849.51,740.61,36.16,5.3,6,6.0,1,Entregue no Prazo
PED-11168,2026-06-04,Nordeste,Alimentos,966.13,552.2,104.94,44.77,2026-06-13,2026-06-14,Entregue,413.92999999999995,308.98999999999995,31.98,2.34,9,10.0,0,Entregue com Atraso
PED-11169,2026-05-27,Nordeste,Móveis,3443.57,1782.85,77.11,18.43,2026-06-07,2026-06-09,Entregue,1660.7200000000003,1583.6100000000004,45.99,4.18,11,13.0,0,Entregue com Atraso
PED-11170,2026-07-07,Norte,Móveis,997.54,617.67,191.82,41.71,2026-07-18,2026-07-16,Entregue,379.87,188.05,18.85,4.6,11,9.0,1,Entregue no Prazo
PED-11171,2026-01-27,Nordeste,Móveis,896.25,547.95,25.07,5.41,2026-02-06,2026-02-10,Entregue,348.29999999999995,323.22999999999996,36.06,4.63,10,14.0,0,Entregue com Atraso
PED-11172,2026-02-12,Norte,Vestuário,2483.23,1416.05,222.45,47.56,2026-02-19,2026-02-25,Entregue,1067.18,844.73,34.02,4.68,7,13.0,0,Entregue com Atraso
PED-11173,2026-03-27,Nordeste,Eletrônicos,408.84,211.09,50.58,11.69,2026-04-10,2026-04-14,Entregue,197.74999999999997,147.16999999999996,36.0,4.33,14,18.0,0,Entregue com Atraso
PED-11174,2026-04-16,Sudeste,Móveis,825.0,530.75,95.16,43.99,2026-04-25,,Em Transito,294.25,199.09,24.13,2.16,9,,0,Em Trânsito
PED-11175,2026-04-20,Nordeste,Alimentos,686.07,365.62,51.31,8.7,2026-04-28,,Cancelado,320.45000000000005,269.14000000000004,39.23,5.9,8,,0,Cancelado
PED-11176,2026-06-26,Sudeste,Vestuário,2636.65,1162.43,162.75,44.95,2026-07-05,2026-07-05,Entregue,1474.22,1311.47,49.74,3.62,9,9.0,1,Entregue no Prazo
PED-11177,2026-03-23,Sudeste,Eletrônicos,377.3,263.75,71.91,13.76,2026-04-01,2026-04-05,Entregue,113.55000000000001,41.640000000000015,11.04,5.23,9,13.0,0,Entregue com Atraso
PED-11178,2026-03-12,Nordeste,Ferramentas,2133.38,946.36,132.95,40.03,2026-03-22,2026-03-26,Entregue,1187.02,1054.07,49.41,3.32,10,14.0,0,Entregue com Atraso
PED-11179,2026-06-14,Centro-Oeste,Vestuário,2731.21,1280.11,101.02744680851065,26.57,2026-06-28,2026-06-29,Entregue,1451.1000000000001,1350.0725531914895,49.43,3.8,14,15.0,0,Entregue com Atraso
PED-11180,2026-06-18,Centro-Oeste,Eletrônicos,952.15,587.28,63.69,16.41,2026-06-23,,Cancelado,364.87,301.18,31.63,3.88,5,,0,Cancelado
PED-11181,2026-01-26,Centro-Oeste,Ferramentas,2639.31,1324.21,121.17,35.64,2026-02-04,,Cancelado,1315.1,1193.9299999999998,45.24,3.4,9,,0,Cancelado
PED-11182,2026-06-22,Nordeste,Vestuário,948.79,563.33,40.25,6.32,2026-06-29,2026-06-28,Entregue,385.4599999999999,345.2099999999999,36.38,6.37,7,6.0,1,Entregue no Prazo
PED-11183,2026-04-28,Centro-Oeste,Ferramentas,57.54,38.36,67.9,13.87,2026-05-12,,Em Transito,19.18,-48.720000000000006,-84.67,4.9,14,,0,Em Trânsito
PED-11184,2026-04-05,Sudeste,Ferramentas,3213.58,1966.81,79.67,36.26,2026-04-16,2026-04-22,Entregue,1246.77,1167.1,36.32,2.2,11,17.0,0,Entregue com Atraso
PED-11185,2026-05-30,Centro-Oeste,Eletrônicos,1219.33,787.44,39.54,6.97,2026-06-05,2026-06-03,Entregue,431.8899999999999,392.34999999999985,32.18,5.67,6,4.0,1,Entregue no Prazo
PED-11186,2026-03-01,Centro-Oeste,Eletrônicos,2274.54,1190.14,103.4,26.52,2026-03-13,2026-03-15,Entregue,1084.3999999999999,980.9999999999999,43.13,3.9,12,14.0,0,Entregue com Atraso
PED-11187,2026-04-18,Sul,Móveis,2729.24,1354.72,87.16,18.14,2026-04-22,,Cancelado,1374.5199999999998,1287.3599999999997,47.17,4.8,4,,0,Cancelado
PED-11188,2026-04-27,Norte,Móveis,1754.45,730.84,161.14,47.75,2026-05-08,2026-05-09,Entregue,1023.61,862.47,49.16,3.37,11,12.0,0,Entregue com Atraso
PED-11189,2026-02-14,Nordeste,Ferramentas,3393.88,1560.83,36.82,3.46,2026-02-20,,Cancelado,1833.0500000000002,1796.2300000000002,52.93,10.64,6,,0,Cancelado
PED-11190,2026-01-09,Centro-Oeste,Alimentos,182.57,95.03,102.66,40.05,2026-01-11,2026-01-11,Entregue,87.53999999999999,-15.120000000000005,-8.28,2.56,2,2.0,1,Entregue no Prazo
PED-11191,2026-01-07,Sudeste,Móveis,3285.5,1367.06,64.87,25.3,2026-01-17,,Cancelado,1918.44,1853.5700000000002,56.42,2.56,10,,0,Cancelado
PED-11192,2026-06-06,Sul,Ferramentas,2495.11,1098.67,114.92,40.8,2026-06-13,2026-06-17,Entregue,1396.44,1281.52,51.36,2.82,7,11.0,0,Entregue com Atraso
PED-11193,2026-01-17,Sudeste,Alimentos,2867.85,1316.02,57.56,10.65,2026-01-26,2026-01-25,Entregue,1551.83,1494.27,52.1,5.4,9,8.0,1,Entregue no Prazo
PED-11194,2026-03-17,Sudeste,Móveis,2601.57,1233.89,91.56,41.76,2026-03-21,,Em Transito,1367.68,1276.1200000000001,49.05,2.19,4,,0,Em Trânsito
PED-11195,2026-06-29,Norte,Vestuário,2446.17,1019.18,52.47,14.58,2026-07-02,,Cancelado,1426.9900000000002,1374.5200000000002,56.19,3.6,3,,0,Cancelado
PED-11196,2026-06-07,Sudeste,Vestuário,1294.72,755.68,31.45,8.07,2026-06-09,2026-06-08,Entregue,539.0400000000001,507.5900000000001,39.2,3.9,2,1.0,1,Entregue no Prazo
PED-11197,2026-03-20,Nordeste,Móveis,2775.04,1656.34,110.88,30.63,2026-03-26,2026-03-28,Entregue,1118.7,1007.82,36.32,3.62,6,8.0,0,Entregue com Atraso
PED-11198,2026-03-16,Sul,Ferramentas,2297.05,1058.34,86.52,44.56,2026-03-19,2026-03-18,Entregue,1238.7100000000003,1152.1900000000003,50.16,1.94,3,2.0,1,Entregue no Prazo
PED-11199,2026-06-21,Sudeste,Móveis,84.75,46.13,79.58,21.02,2026-06-24,2026-06-26,Entregue,38.62,-40.96,-48.33,3.79,3,5.0,0,Entregue com Atraso
PED-11200,2026-04-25,Norte,Ferramentas,160.46,78.47,123.56,29.44,2026-05-09,2026-05-09,Entregue,81.99000000000001,-41.56999999999999,-25.91,4.2,14,14.0,1,Entregue no Prazo
